-- phpMyAdmin SQL Dump
-- version 5.0.1
-- https://www.phpmyadmin.net/
--
-- Host: 127.0.0.1
-- Generation Time: Jun 17, 2020 at 01:01 AM
-- Server version: 10.4.11-MariaDB
-- PHP Version: 7.4.3

SET SQL_MODE = "NO_AUTO_VALUE_ON_ZERO";
SET AUTOCOMMIT = 0;
START TRANSACTION;
SET time_zone = "+00:00";


/*!40101 SET @OLD_CHARACTER_SET_CLIENT=@@CHARACTER_SET_CLIENT */;
/*!40101 SET @OLD_CHARACTER_SET_RESULTS=@@CHARACTER_SET_RESULTS */;
/*!40101 SET @OLD_COLLATION_CONNECTION=@@COLLATION_CONNECTION */;
/*!40101 SET NAMES utf8mb4 */;

--
-- Database: `nexuspoint`
--

-- --------------------------------------------------------

--
-- Table structure for table `comment`
--

CREATE TABLE `comment` (
  `commentID` int(11) NOT NULL,
  `commentDate` timestamp NOT NULL DEFAULT current_timestamp() ON UPDATE current_timestamp(),
  `commentContent` varchar(250) NOT NULL,
  `commentAuthorID` int(11) NOT NULL,
  `commentPostID` int(11) NOT NULL
) ENGINE=InnoDB DEFAULT CHARSET=utf8;

--
-- Dumping data for table `comment`
--

INSERT INTO `comment` (`commentID`, `commentDate`, `commentContent`, `commentAuthorID`, `commentPostID`) VALUES
(6, '2020-06-15 21:28:59', 'Lorem ipsum dolor sit amet, consectetur adipiscing elit, sed do eiusmod tempor incididunt ut labore et dolore magna aliqua.', 1111, 8),
(8, '2020-06-15 21:28:59', 'Lorem ipsum dolor sit amet, consectetur adipiscing elit, sed do eiusmod tempor incididunt ut labore et dolore magna aliqua.', 1235, 7),
(9, '2020-06-15 21:29:34', 'Lorem ipsum dolor sit amet, consectetur adipiscing elit, sed do eiusmod tempor incididunt ut labore et dolore magna aliqua.', 1237, 6),
(11, '2020-06-13 15:45:42', 'I am very happy to be here and see all kinds of new games you have in store for us!', 1237, 1),
(12, '2020-06-13 15:47:19', 'Jako zanimljiva igra! Upoznala sam nove dijelove grada zbog ove igre i jako mi je drago!', 1235, 2),
(13, '2020-06-13 15:47:19', 'Odlična igra za razonodu! Hoće li biti nadograđivana s još levela i još boja?', 1236, 3),
(21, '2020-06-13 15:45:42', 'Very pleased to see new and interesting games!', 1234, 1),
(23, '2020-06-15 21:29:54', 'Lorem ipsum dolor sit amet, consectetur adipiscing elit, sed do eiusmod tempor incididunt ut labore et dolore magna aliqua.', 1235, 4),
(54, '2020-06-15 21:29:54', 'Lorem ipsum dolor sit amet, consectetur adipiscing elit, sed do eiusmod tempor incididunt ut labore et dolore magna aliqua.', 1235, 5),
(65, '2020-06-15 21:29:34', 'Lorem ipsum dolor sit amet, consectetur adipiscing elit, sed do eiusmod tempor incididunt ut labore et dolore magna aliqua.', 1237, 6),
(79, '2020-06-15 22:00:00', 'komentiraj mi ovo molim te. pokušaj 20', 1111, 1),
(80, '2020-06-15 22:00:00', 'Boy. Ovo radi. ', 1111, 1),
(81, '2020-06-15 22:00:00', 'Bravo. Uspjela si . https://www.youtube.com/watch?v=PHgc8Q6qTjc', 2222, 1),
(82, '2020-06-15 22:00:00', 'Pokušaj komentiranja kao admin2. ', 2222, 5),
(83, '2020-06-15 22:00:00', 'Ovo je komentar na post \"Neki pokusaj\" ', 2222, 24),
(84, '2020-06-15 22:00:00', 'Ovo je 2 komentar na post \"Neki pokusaj\" ', 2222, 24),
(85, '2020-06-15 22:00:00', 'Lorem ipsum dolor sit amet, consectetur adipiscing elit. Sed eget felis rhoncus, accumsan sapien sed, congue justo. Suspendisse laoreet id enim ac ornare. Suspendisse lobortis ultricies erat, in hendrerit felis laoreet nec. Proin nisl ante, dictum si', 2222, 4),
(87, '2020-06-16 17:22:02', 'Komentar korisnika. Komentar korisnika. Komentar korisnika. Komentar korisnika. Komentar korisnika. Komentar korisnika. Komentar korisnika. Komentar korisnika. Komentar korisnika. Komentar korisnika. Komentar korisnika. Komentar korisnika. ', 2224, 4),
(88, '2020-06-16 18:03:23', 'Conditioning Gain bonus armor/mr after 10 min of the game, now you will ask me why I am not playing with  Second Wind instead,  Rammus is the ONLY CHAMPION that we doing that, cause the 5% BONUS ARMOR/MR that this rune gives will also be multiply you', 2224, 30),
(89, '2020-06-16 18:05:18', 'Morbidno...', 2224, 24),
(90, '2020-06-16 18:10:30', 'Ovaj komentar ću izbrisati .\r\n', 2224, 26),
(91, '2020-06-16 18:18:31', 'Komentar korisnika \r\n', 1111, 4),
(92, '2020-06-16 18:50:23', 'Moj komentar. Mogu ga izbrisati. ', 2224, 26),
(121, '2020-06-16 19:54:30', 'Brisanje komentara ', 2225, 3),
(126, '2020-06-16 22:50:30', 'komentar', 1111, 8);

-- --------------------------------------------------------

--
-- Table structure for table `game`
--

CREATE TABLE `game` (
  `gameID` int(11) NOT NULL,
  `gameName` varchar(30) NOT NULL,
  `releaseDate` timestamp NOT NULL DEFAULT current_timestamp(),
  `gameDescription` text NOT NULL
) ENGINE=InnoDB DEFAULT CHARSET=utf8;

--
-- Dumping data for table `game`
--

INSERT INTO `game` (`gameID`, `gameName`, `releaseDate`, `gameDescription`) VALUES
(1, 'Poštar Marko', '2020-06-13 15:31:52', 'Poštar Marko mora dostaviti svu poštu do kraja dana. Pomozi Marku dostaviti sva pisma i sve pakete na njihova odredišta!'),
(2, 'Color Wheel', '2020-06-13 15:31:52', 'In the world where all the color was sucked out by the Void monsters, you must pass all of the levels and collect as much color as you can and defeat the Void monsters. Help our main character and return the color to the world.'),
(3, 'Super Mario Redo', '2020-06-14 12:14:36', 'A redo of our favorite childhood game. This is a work in progress where we for fun want to make our favorites with our own little twists.'),
(4, 'FPS Kamino', '2020-06-14 12:14:36', 'First person shooter from the point of view of a clone commander on the planet of Kamino. Complete all of the exercises and become and ARC Trooper!'),
(5, 'RUN!', '2020-06-14 12:27:18', 'RUN! is an infinte runner in which you must escape from the horrible monsters following you down the dark city streets. All the while you must be careful what\'s in front of you too. This little horror project is planned to be launched somewhere around Halloween, so be prepared and stay spooky!'),
(6, 'Round Trip', '2020-06-14 12:27:18', 'Join our main character and travel around the world by solving interesting mind puzzles and riddles! The farther you travel the harder they become but there\'s always a reward at the end of each journey. Collect all of the souveniers and win rewards.'),
(7, 'Irena kuha ', '2023-06-06 22:00:00', 'Prijevod H. Rachama iz 1914.\r\n\"On the other hand, we denounce with righteous indignation and dislike men who are so beguiled and demoralized by the charms of pleasure of the moment, so blinded by desire, that they cannot foresee the pain and trouble that are bound to ensue; and equal blame belongs to those who fail in their duty through weakness of will, which is the same as saying through shrinking from toil and pain.\"'),
(8, 'Mikela piše css', '2020-06-16 22:00:00', 'Ne znam. '),
(9, 'Ovo je zadnja nova igra', '2020-06-16 22:00:00', 'Proba 50.');

-- --------------------------------------------------------

--
-- Table structure for table `post`
--

CREATE TABLE `post` (
  `postID` int(11) NOT NULL,
  `postTitle` varchar(30) NOT NULL,
  `postContent` text NOT NULL,
  `postType` enum('devlog','news') NOT NULL,
  `postDate` timestamp NOT NULL DEFAULT current_timestamp(),
  `postAuthorID` int(11) NOT NULL,
  `postGameID` int(11) NOT NULL
) ENGINE=InnoDB DEFAULT CHARSET=utf8;

--
-- Dumping data for table `post`
--

INSERT INTO `post` (`postID`, `postTitle`, `postContent`, `postType`, `postDate`, `postAuthorID`, `postGameID`) VALUES
(1, 'Prvi \'Poštar Marko\' post', 'What is Lorem Ipsum?\r\n\r\nLorem Ipsum is simply dummy text of the printing and typesetting industry. Lorem Ipsum has been the industry\'s standard dummy text ever since the 1500s, when an unknown printer took a galley of type and scrambled it to make a type specimen book. It has survived not only five centuries, but also the leap into electronic typesetting, remaining essentially unchanged. It was popularised in the 1960s with the release of Letraset sheets containing Lorem Ipsum passages, and more recently with desktop publishing software like Aldus PageMaker including versions of Lorem Ipsum.', 'news', '2020-06-13 15:42:23', 1111, 1),
(2, 'Introducing Poštar Marko', 'Poštar Marko je igra koja je nastala u suradnji sa Hrvatskom Poštom kako bi se građani bolje upoznali sa radom poštara.', 'devlog', '2020-06-13 15:42:23', 1111, 1),
(3, 'Introducing Color Wheel', 'Color Wheel igra je osmišljena za završni rad na fakultetu. To je platformer u kojem kako prolazimo levele sakupljamo boje, te s tim bojama bojimo svijet u kojem se nalazimo. Na prvom levelu je sve sivo, odnosno bezbojno, no kako prolazimo levele to je svijet u kojem se nalazi naš glavni lik sve šareniji.', 'devlog', '2020-06-13 15:44:30', 1111, 2),
(4, 'post', 'Lorem ipsum dolor sit amet, consectetur adipiscing elit, sed do eiusmod tempor incididunt ut labore et dolore magna aliqua. Ut enim ad minim veniam, quis nostrud exercitation ullamco laboris nisi ut aliquip ex ea commodo consequat. Duis aute irure dolor in reprehenderit in voluptate velit esse cillum dolore eu fugiat nulla pariatur. Excepteur sint occaecat cupidatat non proident, sunt in culpa qui officia deserunt mollit anim id est laborum.', 'devlog', '2020-06-15 21:26:14', 1111, 4),
(5, 'title', 'Lorem ipsum dolor sit amet, consectetur adipiscing elit, sed do eiusmod tempor incididunt ut labore et dolore magna aliqua. Ut enim ad minim veniam, quis nostrud exercitation ullamco laboris nisi ut aliquip ex ea commodo consequat. Duis aute irure dolor in reprehenderit in voluptate velit esse cillum dolore eu fugiat nulla pariatur. Excepteur sint occaecat cupidatat non proident, sunt in culpa qui officia deserunt mollit anim id est laborum.', 'news', '2020-06-15 21:26:14', 1234, 5),
(6, 'posttitle', 'Lorem ipsum dolor sit amet, consectetur adipiscing elit, sed do eiusmod tempor incididunt ut labore et dolore magna aliqua. Ut enim ad minim veniam, quis nostrud exercitation ullamco laboris nisi ut aliquip ex ea commodo consequat. Duis aute irure dolor in reprehenderit in voluptate velit esse cillum dolore eu fugiat nulla pariatur. Excepteur sint occaecat cupidatat non proident, sunt in culpa qui officia deserunt mollit anim id est laborum.', 'news', '2020-06-15 21:26:52', 1234, 6),
(7, 'titlepost', 'Lorem ipsum dolor sit amet, consectetur adipiscing elit, sed do eiusmod tempor incididunt ut labore et dolore magna aliqua. Ut enim ad minim veniam, quis nostrud exercitation ullamco laboris nisi ut aliquip ex ea commodo consequat. Duis aute irure dolor in reprehenderit in voluptate velit esse cillum dolore eu fugiat nulla pariatur. Excepteur sint occaecat cupidatat non proident, sunt in culpa qui officia deserunt mollit anim id est laborum.', 'news', '2020-06-15 21:26:52', 1236, 5),
(8, 'jdfhb', 'Lorem ipsum dolor sit amet, consectetur adipiscing elit, sed do eiusmod tempor incididunt ut labore et dolore magna aliqua. Ut enim ad minim veniam, quis nostrud exercitation ullamco laboris nisi ut aliquip ex ea commodo consequat. Duis aute irure dolor in reprehenderit in voluptate velit esse cillum dolore eu fugiat nulla pariatur. Excepteur sint occaecat cupidatat non proident, sunt in culpa qui officia deserunt mollit anim id est laborum.', 'devlog', '2020-06-15 21:27:19', 1237, 3),
(24, 'Neki pokusaj', 'Homicide is the killing of one person by another. Murder is a form of criminal homicide, where the perpetrator intended to kill the other person, sometimes with premeditation (a plan to kill). Manslaughter is another type of criminal homicide. Homicides are criminal, excusable, or justifiable.', 'news', '2020-06-15 22:00:00', 1111, 6),
(26, 'Naslov posta', 'PHP is a server scripting language, and a powerful tool for making dynamic and interactive Web pages.PHP is a server scripting language, and a powerful tool for making dynamic and interactive Web pages.PHP is a server scripting language, and a powerful tool for making dynamic and interactive Web pages.PHP is a server scripting language, and a powerful tool for making dynamic and interactive Web pages.PHP is a server scripting language, and a powerful tool for making dynamic and interactive Web pages.PHP is a server scripting language, and a powerful tool for making dynamic and interactive Web pages.PHP is a server scripting language, and a powerful tool for making dynamic and interactive Web pages.PHP is a server scripting language, and a powerful tool for making dynamic and interactive Web pages.PHP is a server scripting language, and a powerful tool for making dynamic and interactive Web pages.PHP is a server scripting language, and a powerful tool for making dynamic and interactive Web pages.', 'devlog', '2020-06-15 22:00:00', 1111, 5),
(29, 'Post post', 'Odlomak 1.10.32 iz djela \"de Finibus Bonorum et Malorum\", napisao Ciceron 45.g.pr.n.e\r\n\"Sed ut perspiciatis unde omnis iste natus error sit voluptatem accusantium doloremque laudantium, totam rem aperiam, eaque ipsa quae ab illo inventore veritatis et quasi architecto beatae vitae dicta sunt explicabo. Nemo enim ipsam voluptatem quia voluptas sit aspernatur aut odit aut fugit, sed quia consequuntur magni dolores eos qui ratione voluptatem sequi nesciunt. Neque porro quisquam est, qui dolorem ipsum quia dolor sit amet, consectetur, adipisci velit, sed quia non numquam eius modi tempora incidunt ut labore et dolore magnam aliquam quaerat voluptatem. Ut enim ad minima veniam, quis nostrum exercitationem ullam corporis suscipit laboriosam, nisi ut aliquid ex ea commodi consequatur? Quis autem vel eum iure reprehenderit qui in ea voluptate velit esse quam nihil molestiae consequatur, vel illum qui dolorem eum fugiat quo voluptas nulla pariatur?\"\r\n\r\n', 'devlog', '2020-06-15 22:00:00', 1111, 6),
(30, 'Lorem Ipsum ', 'Prijevod H. Rachama iz 1914.\r\n\"But I must explain to you how all this mistaken idea of denouncing pleasure and praising pain was born and I will give you a complete account of the system, and expound the actual teachings of the great explorer of the truth, the master-builder of human happiness. No one rejects, dislikes, or avoids pleasure itself, because it is pleasure, but because those who do not know how to pursue pleasure rationally encounter consequences that are extremely painful. Nor again is there anyone who loves or pursues or desires to obtain pain of itself, because it is pain, but because occasionally circumstances occur in which toil and pain can procure him some great pleasure. To take a trivial example, which of us ever undertakes laborious physical exercise, except to obtain some advantage from it? But who has any right to find fault with a man who chooses to enjoy a pleasure that has no annoying consequences, or one who avoids a pain that produces no resultant pleasure?\"', 'news', '2020-06-15 22:00:00', 1111, 6),
(44, '#1 devlog', 'Morbi luctus sodales velit a vulputate. Cras id scelerisque ante. Sed sagittis ultricies turpis sit amet mollis. Etiam et elementum sem, eu pharetra mauris. Morbi accumsan ultricies tellus, at rutrum augue porta quis. ', 'devlog', '2020-06-16 20:17:31', 1111, 7),
(45, '#2 devlog', 'Morbi luctus sodales velit a vulputate. Cras id scelerisque ante. ', 'devlog', '2020-06-16 20:18:13', 1111, 7),
(46, 'Obavijest ', 'Neradni dani i državni praznici 2020. u Hrvatskoj', 'news', '2020-06-16 20:19:00', 1111, 2),
(47, '#1 zadnji novi post', 'Nadam se da je ovo zadnje. ', 'devlog', '2020-06-16 22:59:22', 1111, 9);

-- --------------------------------------------------------

--
-- Table structure for table `sponsor`
--

CREATE TABLE `sponsor` (
  `sponsorID` int(11) NOT NULL,
  `sponsorName` varchar(30) NOT NULL,
  `sponsorEmail` varchar(50) NOT NULL,
  `sponsorNumber` varchar(15) DEFAULT NULL,
  `sponsorLogo` blob DEFAULT NULL
) ENGINE=InnoDB DEFAULT CHARSET=utf8;

--
-- Dumping data for table `sponsor`
--

INSERT INTO `sponsor` (`sponsorID`, `sponsorName`, `sponsorEmail`, `sponsorNumber`, `sponsorLogo`) VALUES
(1, 'Hrvatska Pošta', 'hrvatska.posta@posta.hr', '1', 0x89504e470d0a1a0a0000000d494844520000010c000000bc0803000000baef606000000090504c5445ffffffffc70efec600ffc400fffeffffc700ffd468fffffdfec80dffc710fdfffffec800fffdf9fff3d8fffcf6fff6e2fef1d1fff7e7fffbf2fff4ddfeecc0ffe6abffda80ffde92ffeab9ffca30fed050ffdd8bffe19bfff8eafeeec7ffc925ffd25dffcd3fffd04effd771fff2d4ffe7b1ffdd8effd97afecc3bffc92bffd158fed76effe3a3ffdc84fee199fdcf472a50e071000017664944415478daed5d0963e2b80e766c8c1371072850cadd164a0ffeffbf7b9673b9c5ca41e831fbd0dbed9b99cd38892c7dba1dc66e74a31bdde84637bad18d6e74a31bdda806a9f8dfffd7d707fda36178d0c01f0a7f00fbbf648ab25e19ac5fe03f8dff43d9e8f696e3f96ebddd6c4ea7cde9d8dc4fc6cb61780d9553e5a40b0af4b6f0a2eafbeea4b0ffb17ef1b8e09c4b2e0d712e84e0abd36edce9d6bc3d0090efdfc89e516b2a107f5f1532c3ba051470ccfcf7738e34f0cf60f1d45c211b7cef9c346f3447d6e361fcbc97b042b1f1bae9a675cfda7b78232edbb521bd71f79558eac3bae1ae59401f84648e9a9ee0be8b11867c24cda9cd43ef523055aca7054e8b9a839af6b30c8d609e93185b573d08f74a6298de0f9e04cf23297a0cce5fa5fbf6c2a5e68479659f6286a7ffa79f603bbdd0b0283611ced57d5ff453066be99d0b3f705cd65a7533c1efce5afa2f9eaf249b091c34189ca4e39a98025fcced6d55d16fc2b910d2bc6ab4a09b199ee195fe29453009354b4135aa72a5fb22ddcc686d6c055f046e9ef107ebd19f846be30c5f2300520db614b4ac7bdc6f7fc50a601f4278f45f710a8910efa1063d50554543bf01b1e293cd8d0fe2321e5a8f7e92e76faab9288fc976ebfd6aca807a35bce557eb32f5b947e906cd0d6d71e65da80ea40a05d7ad836dcbb1095f9c9705fcdddac891def6c0b19218a5500c431a06e52761c4ab07f7889ad598115dafd1745cd9da032cb9513987d04ec07ab0317709ab7ed19e75cfb5e34df51fc88382d42979e7be73250fd5e9d3e3c3987303054125c1f02278f1c5a103c6932aed9b6a1fa2c9dd77f3c5c27ab0f6c6a103a8274dc830afcfddf066591d58ac5a4eaefa72675912fdabb0292aa9c7997e72f18ca0535e5b34a67508c1f5f92b58974d89cb44dff2aa5e0968f132f710de04015203db4180fe8b5b84aaa88b380c012a1815cdb73b4e99d747dbccddbb44439bf68325dc43ee7e2e3ecfeed83eb90c982f3e3e3df7137a167e4d66781291a3027428b658b99911f093ed022ddd262e401ba0923bde09a775d5db9e80bb32387b2e86b3aeede63d989bd561462c92e20ebde4f2c2010f9c32d8535b8dd7dc7dc740251108c020f05dee998696447e344f9ae7a2a86f65c7e4cfc2afcb88d40e1c17a02a484777469857beb2bda00ec133316131cff42d276e83e267d0a2d8f07ccbf95159d033e7154d489e74f0438f352af81c5337a61945cea257b6e384002da2f4133aeee1cab1ed082db613313fc3590d4f99644c847f35c140c05a3d42794501038e6e7f7b6185d53d4278c50e1ae9abbc09c2bc3ea1c98fd296e1eccbfdf83ece01e00e8ec5b51811930cfa65237bbca62f3c8219bbd4abd58a3717ee18453c66d0d276ea1cba4eedd4e4038631291c6bbe04836c6396d7c38b941bdeb2389b12fbd15a5d779479e5fd941bc0c2803ba3577e6f09f994132b3d4302c70d769416333cfe9604b6dab679adab33c3975a53549934a9b9644008b7afdfb361b04d0b862275804f2da5db52d0d28bf90a00e8e9a54bc94d37be89a613f76b395beed790ab5ef950052694bf279ec002fa993be26fcd526bae80d239edb967daf49e89a2cf47b1be6aeff999fbb96f15856d529a2c9194320ee30a6589cf1678f3720c69072d6a95aeb5c448046e78fc4801a1c15e29cf7d99dd4f5b9d5449d67118a7d5a8931b8f448c103c383577eff3f77df378f084e065a27c2de23a0a2f07a2a0318de2e9c472bcd8bd5307023f586499b101f1467263393f512205ffe51d9678297090f9cc90c26f4689f09881dde1f4f95e33a450b17cb18792aeb9b67907e95ed00f7a568a61488459daeca4f1267b26e0188132491d446cd59789f7c40b006d55698147df5aac4751a23156caf89ee168c7852cc20d312eef6e3c0a2a7adda58be8e895b03b1eef5b3a4784f2283fe9f368af457b99da250a5356873ecfc10a2eee7a847d04d69e6e852cf05bc5b0bcefd5e4144bfb963e85844b24ef333183b1135a7c14d5d8c069d1d08e269aabb1ed8653dbaaada3d82d30ae55846003ebac45ae927972553e6423cdabdc26660037e683cae04c2d047a21a21d4cbaa7d8829e3b3f58a04a6bbe8e6afb80891a77760222833dbccf775ed1d12d4bcf64f43ab652f86ae5b43bdabc66254f34afce95e4290131ad717dad987c99c9fd8407a484df31b051e28c190a30c30aa395c805d165e9c4463be06e1325b55eabd4479b522581495c0cd7c2086b426211c55201da0bb9666964df5d5115a2969896f3961aa0f6222a37395792812a5b403021831b1de7992f0bb0958ea4056e7b2f6699def501b194bf5ad8ce0d8fff8a8ee1604a14b48216ef97b389e81dc2c86c29c1d6cf65aadc95e024298b92d6083567fbce17f5b3a4292af6848a5e77568438ba638d4672771d3abb3d3a3454aaa433ad25acb7e1940ff6259b9fa7269116bb9fa709d63bb8cc2bde5fab6492dbd342df2232ab4beb962a0dd0588f0808b0ec529615268862dd2695e3f603792c9f21de511e8218591ecb80532e663bf34351ea0357edf5d43d1755fdfb3722bee31356b5506876cb77cb59690c8db6c7f94c5c47969951fca0a2d7b7686f0cdd4ba258f470aeb6fa0f8e6e475ffbf0aa7a8bd28ec20d4cb995b6281f9479d5ae74e6f084334ea0f520b19ccab8b40ec93000742e198bc0ed6c8921a8aa75c24694a029f2870a41d4fd9a86cd030b7aa80c8ed8b32c3376e74a05215f8f0eb11f09b7acdd459d3b1509604da5ab4a8b86de8329c5d2341433373b4ac2a2f4b37ce882c050ed6c241d8b19cddd9bc017ec320a0f92ea2f18952c391add252c9c15a2681793e0193f59423d26a21dee6b29fb02ea4ec8d03b70212f18d6fb09f8db9663065e449ad7d6c6ca6bc09e1043cbc56ca82d911cc69ad2e7e72150c8de80aab8311504fc595d4985a2714755ced2623afa07839583f3a681c0eacaec5321f9e756183463cee09baf2eeefcd5d1e2ab70bd85efc9d7f228b42022319f7ba125db5472b8b54f3c12ad307ba2df817b5f3c417737830e332fe506063b842a5b958962d9782333807bcb5d6a6f081dc8441b60b1a2f2a1c3cf7af2e464c69900556287b3c46ddee3a13cf4b44f4e6447e9ee58f950c2189a26058350988919bb9f473c7fb9e98353ce44e772c9408375745b14792abbaa52e6359dee927ecf048975188ba931176e88b7b81aa32f55478779f5f9aafb05d1cfcbafb8340f59e372c10036a4faf21e59e94e71d3dae4568131c46948ed23f7a866356e6168873bde128b319f1fe6ce7599ffa2589d6901aa5288cd33509a19644f9e2fba69c339d059f075665ed9849f8be9f6ac0cbc7731836fea8e91f4dcaa8c11252b9d2279263d961d8b4780005b6a89ac65d2ec88cc686fb8c37dfb9a9a7d7531c3e8760d7ee8677c75671b78a7bcab1165235c6d2759a3175e4625a77890bc45e4c565e6d58f0de6d7b7744a86dca85a234674b4281e2aac42243a3d6ceab42f24c2f480bf675d4ba6d1cbda150cf9cec889197cd6ae3970a5d856ba98c18f55e40beec9806d6c3ddf904ca877b2e4667b2653380ef4837c389a039cd6045b266b4a86e968771846ab1c5a42d93a5446d7f7d2405235e0dd85a17e96435108954b6e4946ebd07660d7839319a207f5b8a1831ecfdd7e382abd70431bce77ee11390b3b964770717123106f692950b1f7b453c78f922b670f3276fa19560fe0a5cc801d777a30cf957cdb6ed0a22cca120a3134f0792fc969ebdd3d24e90fdbecdab47407adf3fa339aee3c54eb586d61a24901f3a136c81fa9b6a5354b1cd106a4a08e46cd4543e7bd3ea3f565b470478a2f6135a13b91f9d0076ba11e35b182489b86af0fb100893bf7bdd2e695b3e0a4eec02aac9d755f1d665559c478f66e4dc1960da5e2decf09d185c55783cf028453312b2a8d77ef8c81ad79960ba9e18e01bf4efa14720333ba84796db22462d330f922dd4c134dab2a1806d86d84b0ea565622a5c4eb8eab2a7786c9e7cfd578015da273cc9884a4a14d01d9b9c92dee9bab5a9bb6d53ffbc9964f8984f0476d66b835d09ecf2cb18a7eea276ab811fb0fd22233bc12412e2a4a6aac3135a6ad7b8368c7ec11682dc2bacc3099d8b3d790a776d5a5b6922a37be5bdd620b49095093593ec54ee4edc6c9a56c2677dca8695e5db96bab7daa340dc956186c1db6acb0dbd7d030656184bacf4170ec007527c5a6502f3c810767ea9a0faaae04ef543e546eeda1887b221fda0a7ab6bb4a7b7d80131c443d7058534f46cec8d59ab32a6b5e9de8635a63c49bf5664337fc05be58dbcf45166f70f337d25d9a95ab450d5e681deb389a1db201d32a34a56a4abed763593bc687a0f6f501a05c56e981426b7ec06122757198b2f05c295dfe5471194caad215dc26cb3280ed0d3997d081726dca0bca8efbfc65580737c2d5b99aa0645756b806ddb26146d812c9c07c96db384a1db29773a9f7e49d24c769b94b1df3eec1694e26553143c7f230a1820f19842c0e4b211a65f69cc1fc7bc9687948d924d38e1d5e9cdac00165871334bf6029681f88a12d4f583572e8cea86e9992c6d10c5f932dbe423e6052084c4804ca248d1a71f2a86075a56dddb99af0bb8b4cd3921ca013564b2b7d995fd2a4432f77524ff0792faa6424b3a390fd7f0133fc2b3143df8f6a9ed76e4437bb0a632da2f1ed50ae62639288f45481cfc56cbe1c28a396e1e3787f3ceede8650386e7545c9d0775e04a4a9485754d802d5725f56b6691bda1e7df04a7c12841062359bcd02fd0b6e0e63da8c8055970cef42c9602643e92e37e2b90019202ca91e5f7928e9244c4589e15e9cc7ca7ed712cd90e5560b9523c2d2f07f71aae4483548613b49d649ed4e4af8e51b70605d79a8150f435814995697503f5fca8c0e358b620689726f8b5bf95a5a2743bf5599199894cd038ef0c5e567884b3325e0281f277afc69d79da3159502c4bea8cc0cadffb9aeccc295a3b24f38a96a5e4967c3c7f99e5865158e847ebeb161d747f991d206e6802a0ff9e29114f4a28fce4257e9e6d833660056c5288bf20e293334727f7144312bd62d5db041cf61cfab33232771acd8d461f2bf487415c21930aad7118709d2a92d06c3e0ab64a0035aba9487b3576b7a2289549580e485820f675b02efb1cb4583a86c98d9ea78eb31d0fe527bf2036c8e2ecd0c3c4801ba475edda2f468617b7509f50569bfcf3e0035a5ae7daa46ba116c672bbdeff3eae2d83d56d5147afa4c11260ec724ea5093eed41f65e7a698835aac41f77dd5db6895ec563c96cacf63c6c099854ba7e32eb3ae8027fc11837056660e3e1d76e50783ca07a9a1f1ba13de7598819567e7fecd6b300361e38953a35f589249538090347f6a1cacd22f946d26c3c124eee5442a5f1d7e12331431af8079fb7a444e1c987e9e6cf55d7c249f2f0f97f6dec07245cf569dfb7e1ecdda135178aec90bb620619e7b599a32e9c74047797459bf331ae3f05594c5d13c64727709d43426e619ddddf3fee716643caf31120db906b8e8485f638d61ba2ac78d3ccbcac6ee16fd635d2dd1afb5e54427b5ed04421ccd9bce940b4ff435c9bcee3c120e3f1f3c7caaeb433157ffb83974eb99d565063dc96cba9bece3b231c4e07775d90f831d1e1492970dd4ffa9f5d2768f442bf7d8a9ef5d5442fabab882310fa889751ce3c8e4e04eb482b0fe69e46cb0177aa5bc74a036eceeccb98a37c5c1bf0aad8f797b754fc628fcc8acb96858572fd338e59c856f33c1a983537c298e2173cffba3aa6d5a81bb2956a9dacfa6d8223d2ce70c44c5049233a1319869b6d91550caac319c1c30e719a153a2359afd9c8bd99431aaa4a2dce7c5546b97ce2573964240450871ab973930f86a1f97c084f8607a77f2f130fef81074fce5cbfaa103f4d16c0abb08ea35d2173e181da3b4fc64e219454329753d669895dabdfef461bed7f43e198f1e17a66890d3f3c14277f5a2557ac4a2d0a284ab166951b62ace960396cdd5953eb411d5cdbe7016531f8d827adad8559632e79ec0b5be8832a2634a61ac697a0ec415bfc1a262ccb27ecb8a3e7da15edca9db8bfd1f17ddd109fd280082bff1259aa9db6196f770c59b740f92f606fb7fe7a33c2fada2a9ec2b10d009fdc8f7fa1b44746ef25a7d51e7cc600fd429911a444fedbf201a006d97171fe081ea0cae7a27b5a6034ad1fc7d5644591d87258982a82b6e16b63c0f56928c16f83bfc3e2f60489c81de9a5d55728d3335250f9f8b669e7f5b4bd83d0f9cdce00fec6ade607ab7674e7f94e7d3f1edbf20150abf8141340e048bebdf90b5b754f9d5bfa85a7255b1603df2fcb53dfb0666c0806ce8c1e4c6f017714347025bb2b97f78fdfba1168c04fdf12a6bbce23724632ee8b9a16fda251c99273e15834dce8cfdc217114d4437a2db493adfe604615134a0b271a790fdbcaa6023310c3daada259bdfc60be8ae648e493975d9cf33a3419ed1159f04ff4dd2aa79dc1164ce3a3ed3f01700832ae2fb9edc037ca3cd7fcaa9976bdc087f344c01930c7d1574b1e97b7707e622a78d55ce063f09a2389542f45f46b1fb377bc6c0e83e1b6361873fc70b1c3fcddb1c39fb6640d7966c461e9d8ea5a59ff4459511543a0bd7ff6ea505b620ce538871c30c5ad719ab2af718ca7c65976c7229ec16bdca663414365ae6684a545b523f001da076392adb7a697ff70398c2de94d65363dc9b5d50df6d55f01415aa9926ca2b2c4b7e0aa8969a6a1a8b1cc9c0c3f587dfcf0d363ce49af9e7f20776d7a482cfc0f1f8c8c2ef7a18848b11e7393b22b7ed1f6184918e8226675fecbbdfb631d8e50313fa0b2726a5d0fba140a9a137a6dd14f95f331287feb779c20a166b91dbcf22a6acf133cc30df08088ff9ad9bbe1493760676d7a5699027989141fbc1085ab170cbfd0255d9f4a3a342af569d57a6b6bdd889dc911d9f377f3621ab4d4a782ac00d9ff3f710fbffaef5686084f269c5f39b67f929fc515e18e76bb1c9ff6a958955c6acd247320bc491b1ce91cb7c89e4b39fce401a6738dce47dc41dbf07a591639b7ead44d563038ac6e28ef3dcafa8f99ef43bec1748e3c6a9b88d95f3e61080a91aa6c5740569eb104e82a2d114ad9a4b0005bfc18dee7df170848edd5e874926e6c2fb609757f8119498c410239c89fef98a16d660dbebc2e10833c8dd7c647071d50d777a300f78898fdce25c9efa8dae0065da3677a26830c21c172b4ed6c44ee9c78d2f847e5314331da3b3a9693afc859285794c30718a574c5c04139ccc89531d85dcc0cf569b53be207c7b118558111ffb094afd5ed157aba78e6165c96100b19d76e38eb8a2478e4fee81f0e9284acc5e20335ad897daf8c5c619508d06eb735e8617c6d28af553b9b2b819147ddb0af351c132cce0d8fadaf8d52622031c8b59b9694c546bcd8fcd7c19269890b45b43222f4993e3f069b78a395182cfdaf97f5968b5faed862adc0d0c624b7edc5d5f23f11c8cfd533f7482900a1fa7cfc7402b47abe460924936deb7d91f200d723a527910b2ec507b547ec36ef097fbdd643c1df51f87c361a7bf9c3ebdcd5fb72fe6e010f223826e05bcf8ac90eb8b06caf67225ca0d1f4613025161c11c966213972d19712bfe598a19928f1934fe08378ca62e9aa204d259e89fe2c81758f0d31f6555e4d0f91b8cb0e9cd9357ffc87b313bb8d885bfdf6e788e7d9d2df77e9619dad50f9ee0afa8880d1d3a549970f9c372b1eeb13fc78a443a1eb7a23cf4d56042e480f3e08dfd3d1589a9a1dd9eb7407c3f3722f32c9a3df8b372114ddce1706af0fdccf0f86cc458e3afcc77b8f9813ec749f0efd613213f42534d557f9a1dc891a795f0bdef008fd819e362ff67e65c8aa9fb60a0c3bb3a333004e2c2e455ff11c26a683891dcfb0ec9d0ace8c05f998b2b41d1d19d98c2bd3676f82d4c2f036bfc99c9b8f2ca329e25c71ef875a421810a29e4fc1fc28a331919dd0b5e1b48e3835bc461dcfe77b0e22ba11700bd3917b24ecc120b05bfeb30f8f386340748a3ea168c9a5cf01a6aa2ff7673146706ff5d6e64e8315d732192a44dbe95f113329749cd89d751f70f86a6976387e6c768bf12bcc5d3572d76aef0b088cd735f611eebbfc30b3cd3109de7e1b8b9e278288657201a266bec9de6a3058b2bcfff01f54805233ef1018b00d3f7e3cae386275f8104ff48e03fabedddf8314c39a9fe7a485687dabdfe78feba9dad82e8f5853067a778feea70dc3d3ff57bdd7fd6825e0c232a1c0c3bfdfe12a9df7f1cf616c931b3c0fe6ed6e6baf4190b21fe1c84c525f50f851e75293936a591fe4ab1d883502946dce84637bad18d6e74a31bdde84637bad17f98fe07e8bb4f1fd0b513ae0000001274455874455849463a4f7269656e746174696f6e00318458ecef0000000049454e44ae426082);
INSERT INTO `sponsor` (`sponsorID`, `sponsorName`, `sponsorEmail`, `sponsorNumber`, `sponsorLogo`) VALUES
(2, 'Lavanda Oklen', 'lavanda.oklen@gmail.com', '2', 0x89504e470d0a1a0a0000000d49484452000001680000016808060000007ae561d5000000097048597300002e2300002e230178a53f760000200049444154785eecbd67d45ed775df79510880200810240112442348800409022401f606f62aaa5a966dd9726cc5b1e394c94a3259339995cc7c98b5f2c92b6b6692958c33891dcb962ddbb28a2591127befbd820489c24ea2110001820598ff6f9fb3cfddf73ecf0b52312d3d92cf95c0f77d9fe79673f7d9e7bffb3ee37eef5f7f735f538f4a814a814a814a8191a3c0f8911b511d50a540a540a540a58051a0027465844a814a814a8111a54005e8119d983aac4a814a814a810ad095072a052a052a0546940215a0477462eab02a052a052a052a40571ea814a814a81418510a54801ed189a9c3aa14a814a814a8005d79a052a052a05260442950017a4427a60eab52a052a052a00274e5814a814a814a8111a54005e8119d983aac4a814a814a810ad095072a052a052a0546940215a0477462eab02a052a052a052a40571ea814a814a81418510a54801ed189a9c3aa14a814a814a8005d79a052a052a05260442950017a4427a60eab52a052a052a00274e5814a814a814a8111a54005e8119d983aac4a814a814a810ad095072a052a052a0546940215a0477462eab02a052a052a052a40571ea814a814a81418510a54801ed189a9c3aa14a814a814a8005d79a052a052a05260442950017a4427a60eab52a052a052a00274e5814a814a814a8111a54005e8119d983aac4a814a814a810ad095072a052a052a0546940215a0477462eab02a052a052a052a40571ea814a814a81418510a54801ed189a9c3aa14a814a814a8005d79a052a052a05260442950017a4427a60eab52a052a052a00274e5814a814a814a8111a54005e8119d983aac4a814a814a810ad095072a052a052a0546940215a0477462eab02a052a052a052a40571ea814a814a81418510a54801ed189a9c3aa14a814a814a8005d79a052a052a05260442950017a4427a60eab52a052a052a00274e5814a814a814a8111a54005e8119d983aac4a814a814a810ad095072a052a052a0546940215a0477462eab02a052a052a052a40571ea814a814a81418510a54801ed189a9c3aa14a814a814a8005d79a052a052a05260442950017a4427a60eab52a052a052a00274e5814a814a814a8111a54005e8119d983aac4a814a814a810ad095072a052a052a0546940215a0477462eab02a052a052a052a40571ea814a814a81418510a54801ed189a9c3aa14a814a814a8005d79a052a052a05260442950017a4427a60eab52a052a052a00274e5814a814a814a8111a54005e8119d983aac4a814a814a810ad095072a052a052a0546940215a0477462eab02a052a052a052a40571ea814a814a81418510a54801ed189a9c3aa14a814a814a8005d79a052a052a05260442950017a4427a60eab52a052a052a00274e5814a814a814a8111a54005e8119d983aac4a814a814a810ad095072a052a052a0546940215a0477462eab02a052a052a052a40571ea814a814a81418510a54801ed189a9c3aa14a814a814a8005d79a052a052a05260442950017a4427a60eab52a052a052a00274e5814a814a814a8111a54005e8119d983aac4a814a814a810ad095072a052a052a0546940215a0477462eab02a052a052a052a40571ea814a814a81418510a54801ed189a9c3aa14a814a814a8005d79a052a052a05260442950017a4427a60eab52a052a052a00274e5814a814a814a8111a54005e8119d983aac4a814a814a810ad095072a052a052a0546940215a0477462eab02a052a052a052a40571ea814a814a81418510a54801ed189a9c3aa14a814a814a8005d79a052a052a05260442950017a4427a60eab52a052a052a00274e5814a814a814a8111a54005e8119d983aac4a814a814a810ad095072a052a052a0546940215a0477462eab02a052a052a052a40571ea814a814a81418510a54801ed189a9c3aa14a814a814a8005d79a052a052a05260442950017a4427a60eab52a052a052a00274e5814a814a814a8111a54005e8119d983aac4a814a814a810ad095072a052a052a0546940215a0477462eab02a052a052a052a40571ea814a814a81418510a54801ed189a9c3aa14a814a814a8005d79a052a052a05260442950017a4427a60eab52a052a052a00274e5814a814a814a8111a54005e8119d983aac4a814a814a810ad095072a052a052a0546940215a0477462eab02a052a052a052a40571ea814a814a81418510a54801ed189a9c3aa14a814a814a8005d79a052a052a05260442950017a4427a60eab52a052a05260622541a5c0285160c2c4f1cdf871e3ca90f6e5dfda4f9a267e36d6eff19d38e783f73f1ca5d7ac63a914f85814a800fdb1c8544f1a8b02e304a6074d9b3cf4eb03264d6c3ef54ba737806e41d5fd9092f3661c364d674438fe6468bf63db3bcd7b7bded79dc7b8b77f9c11fffdf73f68beff8d07c704f6717aa5f7dfdbdbbcbbfbbd4f6680f52e9502432830eef7fef5375d09a904fa3b480100d6300b2ec83f8f5a7068336fe1e102a00f0c5cc78d1fd71c3e7b7ab360f1e11df0dca76b264d9ed81c30f980bf83944bafbcfb9d779b7d7bc312123d77bebdab79fad1979a666f4b96271fd9207a4a8b2f82605f03fdea5129b03f0a540dfae79c3f00d7890259c0e0c0a9939acb3e736a5266f59fa9d32635871f39a3193f21a106dae57b7b3e68261e2037c384099f1865de7feffde6c30f025aedefce1acaceb77737af6ed89cc68400d1e0f765b787cb927dbc90fecffba5b1fbe19226bfa4bee1dc8913273468f4330e9dda4c3ff4a0fd6bf4bad994032775ee3ad6900f3c68cac05753a74d6966cf3db4f3f985d7aeb071f8583ff8e0c366d36bdb9bddbbdf6f264f99d86c7ce1ade6813b9ecbd78c33cdddcfffc426a2dee8678e025583fe999bb2c1010362f38f39bc9920503de8e0c9cd69e72d69c60bb858e0071f325580fb3797c3b808de1598f43d049b5fdfde6c58fb6601ca7674ad77f88d57b64ad3dc635f7df8e1bece2d26483800b2609781acfe8390d8b9e3dd22343aeabd3edd2b8dd53477bdd72eee9b8d8001ca18b8a7aba1078268b2b47d00d13f77c04f0244631b3fbe99a073671f754833e520b96ecac01c5a9300406b3e74d6b4e6e8e38fec3cd6683efdc0661870ff38acf6bedc313bb7ef3601b577efdee6fedb9f6f76ef7a4ff4fbb07949605eb5ef1f879a3fbbe75680fe19993b16ea54f97a67cf39a47977d79e66f5d5cb9ba3e486e886cc3ececb74edea3defbedfbcfef2d68eb60600ae7ff6f5063facfb6cd7af7da3d9be2d01465103d16c75ee871f76b56303614033bb4fc60bf440141bffdc9936e689122673171ed63c76ff8bcdb6cdef7400de2ee39a84d7e500fc18db21330f6aaefc8555cdbae75e6feeb9f9d966a234633f1c70138205e4ce88668ab7fe135dce9374fd1cb97510149bdfdcd1bcbde59da4b5f75d10f9e6fb0498e32724d7cf04fd8c07e33b42e07ee4bc99f9fa44a3b9471fde1cac71fb7c3186c3e4369a2e01da1e1fd7f7de0eec0dcdddad3f784202eb80e6b597b7347b5c880e1bffc7618f7ace4851e06fae5a8dd4ebfcec0fe68049136cb17dfacb679aff179098a9c0199f0d3f862f6adc0a00d42ef948319f01cb0f04b8cf3df18a69c28eb3f89937bfb14390199cd059eb8c60e7c0cc78266a8c49dbd57fa5951e209032d0336d6f5f73ccd259cd39972e336d9ebf01f0bd02ed29530f6866cc2408282d589ae0ba35af83c4067668b81c7e1f776b448785bfffca738e6de62f3ea2992057ccc377bf60f72f8223ddc4feee648004c122682da4dcab6b67cc9cda7cfa57cf32b7c61e05fdde96201a4b457d6fcf87cd1dd73fd1bcb46e531e734784d8676fbcbacd845e229140fc8009cd538f6c9460cd0145c6a631ce3c7c9a6834c584205af29293e636871024d5774749781d3c03f04eefd2b582da671e31efd0e64bff60f510d6d8db6c927503fd6fffe19372196db1736a36cbcf1646540dfaa7345fe0c53499c21c04e52eb872b901df8153876744b4c34cb083f9bb7dcbaea279bef5da36730bb098776cdbd5ac7ffe4d03a80f05ca49f34d7740ebe37f11f8f88c851c0f80c6406edf5ef3dd2224d0f8a61c34a979fcbe75767ef62074b451b4c5e397cf6d000e34cdc38f98de1c7d9cc07462d20510080fdefe5cf3e443eb9b6dd25479b6a7d51570ce205b069d070610cf9e33a3f9e2df3f5fdaf814ddbf691eb97b6d73bb00d3b4f8ecaf2ec223bc50103fdd98a8c0102df84069f7070848979dbab039550260d2147cd0c30fb2411ebae3f9e6bedbd6c8b7fe611106512bb72b450b00f80bbf795eb35373f2c66b6f174b8580e14b2fbc990053e3e6daad9b779a1b03ba4f9b3ec5e8ceb819dfe213e7c8357380c90d620473653d41b76933a6981bcb3c31213d71acb1bfb363b709cbed72595df7970fd93dded6d83a81ce9fd29aa88f1da44005e89f0057b06ed0804e3deb187bdaf2d38f967674e04706e2d03259786f4a237b47e08ba689d6b95dc0b65d8b6af35b3b92af59f764a1031616eac3f44623cd6e06d7265d236631b2e8f97baf1e40f010b3dc916b9cb4e2e357cc373f2fe7f23de08c46b6f9cdedcd2ddf7fac007a02f1a4e519aeea1ffe5c037cfbbc69cebb7c5973aefef18057d6bdd57cfd3fdd6acf32ad3983537f1a22a0a61ba77b9d7fc549cde9ab973272bb1fc77ffff737346f0afc2c9daf7798d849e8d5779f17ff72727b24ed9de0ddf2954737977ce61403edc1a3f5417fe3f76f6f36086401f661870527f5dddc058719d8ae3c777133ffd85965dc68cd3c98b91b274be2ee1b9f6aeebb758d69dc0698bc33c253bfbe275794bb8da035600db50f39749a69e208a839128a47ce9f69003c53fe71b471fceedc7b7f0742986b36bdbead79f2e18dcd930f6e30bea8a0bd5fb2fd44beac2e8ebf0532b3280f9f7d7073d1a74eb64545a6c44705eaf6ecde63c0f6cafacdcdae9d29f0b5eed9d7a429bfdb6cdbaa001de63160a8d56a8088860b386b61f139801bfda11d6d344302d08249bf44dad859179f60d7b3b0a7485b3c54e3ed1ead19fde253af34dffc83bb9ab7b480cd9d807f38005e5f739b485648064b027e3b9495c10b1168bcf3474fd9637cac7d37af03b33fdd7fbe2fdaac58b5b059a900683768286172f2bce6f557b736c9f1925d1bee67669c09d98adba2d0260b95f4639f0446f22baf79f26509d185cdc2e3e6e46745ca6431a71f175eb3bcb9e1af1e92ef779b0171c9ba08b4f9e0fdbdcdbae7dfb0313c273a9e75e1d2e6bc2b96d973b026eebf658dac9d37245c264883de91d21a791c73abb99e250be4d473169bcb84602bfe7a840874e59e6fbdfeb6b95410762f2a6e9002ae0a54ca3d82f67ed8ac832d80ccbc1f248b6ddea2c3edbe3cc7ad04007c8290e0887987d9bf4b3e7daabdf0ae9dbbf5bc9d960f6e014a3d77c02fffb7b07eea2d5b0a5480fe1b7203da1301a1a3971c613e447cc8071d9c5c17fd034d0510268d0c20796de3a666835c1100c46baf6c4bd90b02e4149ccba89ac1aca493658dc8c1202b871d97855d1a34da087698b4f8a09fb87f5db3e0d8d9cdf1a72cc8c31c06957c26ad5d00b2519a2f1910dcb740b7afd6605abb7bc14110e030ed5cc7cb2f6ed2bda4718a46ee636ec5401bbc33900ee3c75572e4dc439ab32e596a992aadf69cae5e79ee1203af671f7fa5d5661d7c7d125c4d0ee38f3e6a7f1e77747f78bab4d81ded8460a5e8e323e71fd65cfad995cd6d0ad2411fb34a7ab4d8172c0580f1b1fb5e6c4e5cb9a039ec8819360777dff40c6e783b78b7380e1e82db0af7d529671d6bcfc4aac115b215eb491fa0f1ee94db0201fe3e9ab8fef7a1de954027e0faaa78ec8907d7ebee29f305e0c6bac12a5a286dfe845317987099a2bff99778270d68eab403eddf6ffdababecef0f14d7d8b9634fb36dd3cee641a504beac54c8be6bccc95d7f7e3214a800fd63d211a03c50c1a4e5ab8e6e96ad5ad04c57641ed7c3e0b1cf34a45d025ccc6f7cc6eb957580ef7193320500307edf63d56d5a14e67248ae02403fe6c046b04ad905c9fc3c73f571cdd64def346ba49999469ad1bae35f666966203570d5f85f9696be61ed5b16b8daaac576d6a527e4e1f74372099c569cb9a87941dad97669f29d770d6054ae747782bec38467d113f042383df3d84b02bfec9818e27288ae98a2f1e6775d292d72e6ac191a4febda488306780e685609a4d73efd5ac7dde273d2d798c9a94ebaf65847f2d3736c13101e2277c1f0b3e556902ff8ea5f3aa3f9fe9fded7bcb47e5306d97c5f7fc74ca7f102bef7c4139e72b8e5adedf69ae468a7b96b6d830494e34c737d4881d0a704c493e4d6b8ecb3a736c79c7054b370494aef5b2ab0c7aad922f713e722a95f5cf39a5c627bac72f20d097edc15087ff86dcba604ec6f6b2ef9ee09b93308104f17701f2c7f3656c4718a2130a683153c4590e09ee19838e900b94df897d20b093a73dff572bb31b7044e2b60ff9880f211a75780fe0802b148661e765073f9e7575a4ad434f98ec75adaa4bfbd23207ee9c5b72c5d0b77058b0417050b8785c231a1a014bee96498a76f1228b806e9c0d231fb351e7c96f38f99d59c293705bee997050cef281fd841ba9fc1e07ee2726f8a57a4c57e206dfe9e5b9e358dfdec4b4fb4b10c3b66cd99693ed9effef13d298fd9028de930f08f601b409bc53a4bee9d23a4fd922b6da6fc10615674f7e0cb765bfa43d2ea5458b25081c62e7cf94813f58e521adb2af978efbfedb9ce7b141a3246c07eccd9ebbd797ec17b6e7ea659205a2f3b7d517e7e5ffced35217dcd2f9fd95cf7e70fd87b8e45c734c5ad68801669445d5a46ff3b73871f798f809d39266b65d1d2238ba69db27bc635738ff182997dcd3cb934a6a8808618c6e637b61b0fae79ece566bb2c3778130b8ae7328fefbe4b6689324f7629f3e4d5f4e4b5cf48d0e97f539507cebbf1fe871e2e57c9b1871b584f95eb84f370dbf1ef44292bfc631e766cdd65fc78c70f9fca79db1fb3406928e7d50f2b40f778804543beee2c690eabaf3ec98279680ec38ecd6f26cdf835a530b10870576092eea0c000084bff4f2633a096b0ac005bdf1c8e0b359af906841958eca7ee8596830f911ce00bae3ca9b94566f61e2d36cb39b60bf2c277535f3fe33d388571a17dddafac8a634f982390238035a8a172eea2e38e6c4e3ee398e6917b5e28ee093e8fef10c19adff16d9f7d91027a7af63d32e571ef94405ef1cdb401c6429cfcbe5809936596afbe6ab9842339c48542bde9c07f3c4ec1c3e39be79e7c2565ade4b43df3db67dad9787bb46c6f99e8e570e956c77b32eb7f283f3302edf893a33b283a8e12485ff4a915cd0f04d26f499bedfbd8a3b6ce584983e4bc325f619ecc4a72da06eb27b95ef4cd8094699d356fbcb4a5f9a1b233e62d9aa58ac9a9cd5cf99c27cbe2bb58ae185c456fc95fbdfe39e5b40bacd73efdaa059b991317ee6e5da874b3d9258dfc1dc5435edbb8d9e849010e9af5d14b662b4839a99975d40c7b6f326b26583194ced1df27f04fd9303c0f37cb757ff1a0dd0765a26ad83dd6fd883f2b408be70f52cad6ac2314d4bbf6144b278b4001fdf6eefdd0a2dc5b64ee12a4d9218d18b7c5cb32e90063402e05eee8c4260d393707ea8097b16f5a59117c876a743d3f69d1566d2c020399a3c72f9f678b95457b92809307dff0ed472c1864ae0c80292f6ed7220ba4b82b443f1da46ffddee3cd977ee7c20ca08390866be3b40b8e6b9e564f8977dffdc0deb3d5fd1297b9e6cee72c44320ae66b316f54a60399285e529e4ff68b86b22863c5e238f98c45068cbbe4677df8aeb532ed674b439cad670d8e11dfff92138f6aee93c0a1f824060663742b426b79380069f44adf5a2a62d6e8df936be0877ff5b0ddeeb81563833445389ffbcab90aaadd27ded85cac237f8661709e139a2c917fee006d4fcec09c9edf9eebe3c53571dcb2b91da1d8271e7ee8cd7263bc96038713356f0897e5a71ddd9c71e1f1cd6c657af08fe344f99f49797cfe9957cd9aa2aab3cd7849c53cfb72b60fb480d73936dfb3c3261f3e77c046181fb960a6098619b278cc1faff53073d6f4e6577ef762bb8e7bbca958018535b87a08700e30d1506ef8bbfbe1df4980069416aad0e1dc4b978a99a6998631ecd8b66567f3924c56b432a47ffab7c7cc3f0028312126a87ef603665165ca37f77e12feac08701d3ff190c1f8b9080aa2f244e8db639f024f0b9b75324d9f79fce56462477f7406ebe2e38dda9a6e023d5e91e67597322c48871b4c574b9a1b79db04abee92363c7e7c2e56b16f5aa78f6ba8d0e68cf397984f96bce9ddbbdeb7e0603f252f61565b58e26443e821385759d646d3dc75c3d3a6e92f7c6e56f38bffe002f3c7768ff4e445f28de20fddf58ef289dddfedcfe082e08289d79771b9c62ab022ebe4d58d5b0ce0f0b57eff1b0fc80ad8d79c205a0f1e69e474e33bebe213cd1d0458263746a20f3c8375c63f3e4c322101a1679a38fdec666e65e487c16b471d7d587e87be784c27bd281e006ccd75a6eb2d454fc535f72a5be42d29159f922be640d1d5dd42d7c8fd047f6319e19a209bc41eddf7d367a1cff85261687a3e19256b743deff3b872dbb138936b64aa094bc68be0c415c33bc6c21a32979e7ee425ab06e53eb5886690abfece00342074e4fc43a5e19c9d73480711141f32c5136fa86476cb5b3bd5916ca334377a42e85cfe0f936ae112cef35e42aef998290dd3463f6aa077d4825d3b2a1a766f21da02c98bda17ac6b57f491c01d914aa1dd1d9134e1732e3bb1d9aaf1bf2e2d05cdc6c12f6aec9db70621a491f383ebefb9e599e67099ab27ca3c4d2388d0ab67e8dd01ccedf23312601c9f53c2fa94448ba7fbdd2c6994ef6cdf65e371d0b7770e66fb307a39682d3f43f9e2726d3c7edf0b96890028e3cf0768e64a531b74c7340a5ecd511adb49e60fc6fd13059f839e834f0cc43acd5b6781dc1002584aa72d64287223347ef42d69d2fa7de929c36894ee72ccd2392a453fadb9fe9b0f997f9f98830576f5ef60095640ec9d9dea82970957dc0a815f3af0eb024c1ff6cbeadb4bd25c91cd816b681c389b41966f108e64e37c478283f4cf23947904fdc8b9c61d8160c38aa2f4be94ce07beeccf71b4d03c7b85e79085445a25a97fb85010d06439cd15501fa5f587009b251e63ac930f9c6c2984fc4b60ff4173c7754f368f6bae3f7673ad414cfbb9fae4e71aa0d16cc9f93defb265b9cff0e0dced148010cdc68fbce689972cab21e1ac0089e6f139a8c5675658a05a10d3505d0b8d4c9c3fb3c5953fef03b38373675106978603451ca95da373c8433d4a450fc9171a7dc509c60f3bf290e6da2f9fd57cefebf799e6c7a21c70b30014ad23bc2c623e6231ddf6fdc72d2847e645ab17db00ec19146f5ca48021e62e451a9681e04736d1e99e778e3243d09ceefae11326eca2565e00b2371d8556029829aaa85c79f6622b5527150d600208688ef4d09dcf9b6696dead2b44b8e5094a1d5c234b82bc604be9cb87cd8bd33acc4fbc83bba06cfeb3d6e8cfc01d0168e353e572806df048d0ba54634063fe91fcd75e8a1eb5e338fff12d9c775ca3b69b691cdc0bf75beadd314c7ba613e1fb06fceeda891d00f98cb9daa0b2ffbb6f7abaf9ccaf9e1d327212bd2ffaf4291288075abcc0f83ef273e086e2328bd6481622267f33dd7ccdbc22cd9ce0244a001afa1cb9be16cb55434e364da9dccd3351d5a6b819f9c73b6e920b846a477eba813a84e03fd71ffddc01b469ca92d8577df134735f0c5b406458c0302ff34f7e64022530a39537e70c052bf2d2a2c044045c264f9e60e0c8827ffea957d3ba890b3f68ce0ea811183a401d41222cb74e0e2c1707ae84e9296d9eadc04c3a06741a7db6575565075b5a1c5a0c8bb5644db8cba3270c3a63d4bb13e4fcee1fdfdb7cf91f5f9c7b410c0a02cad12f5356cb1fff879b15987cbf7d066314901e2aedf95809c68d6ab0f4a8dc1b46d73011e53da31bc66999d47d053e9759b6c0734fbcac94b05d25bf99f77941695d8fddfb6273cad9c7f6e890a08e4c83732e3941c51d6a1e84bfdc0386f1ec40873836c087464e0054d2b0bb60987cf6fb9a1ba44923304f3a9dead0686df8ddf69adb09d708e7ca23d4390a28878747574f9f6ff90ed7414a79eb8a14e707fa50bf22c1ecef3b60b5e94484e72be2f92daa083d5c8db7da63af75f9a3da116b05fe71de294374658479ee51be0896fc79ebca4a56a769f4b85cb4b0587beb95e649bb5bb243162e9eadce80079b164f09bfbfcfe152387eed1f5fa2cbf65a56d477be76afcad25346d4df95e3e706a00f55b92b662581a901f0126310457ef9c537cde7f5f2fab7cc978cc96e5a92165daad04b6e0c18939c5012fb4f5270850e7294cee2ff250a8e66c622cdcec3e47fce4c6b26bbe167bbf23ae01438cb993cba3aa296d7377d19efe26547ed873779d2dee6e4338fb51e18dffea37b2cd5a953521d5c0cc36e04306dd7425f233fee69171c3f48cbac49b3a0962907f701f98563c602813d16dcc4030e685e90898bc91bb5587b66b03a8c54f933de17d0a377c772053e293dbe551abd358dcae73157f82aeffcd1d3da4080853d3d0396bf4da201dde3560ac0d1be1d1dfb8055d679180fdaee92c54729e075988a41b6a7e1e6f1f93c414f0287377cfb51b97b7637e75c7ea2c352a05782e0e50a72bead58c683d2faa14d47ac9aa5969e1035e6e83e48ac94dab192b9e33ee2a173473cc4058f6bbf59718880faae84ea33da50e07ca54fb668972d24a5e75df6b9539b6ffdf7bb937f3c7722f40c9de8928af72c6376cb32dfd95c73bd31c163b44d3d5e855d08fbdbaf7fd204076b78ae32894e3a6d81097962103c9fc299c39555f5d57f7985b9411eba63ade2116bd206083fe7c7cf3440b358c9b3fdecaf9d5d1a0ff97c91e283664c439ae7a4f192458076c8e2c6a44a3d0a30b9146996149f21d311df180b1b4d62f651334df2635a6e54a0f096ef3e6a0d8860acd428282fb5a0e57680399bfbd10f58c0c899379a886925a6151bcc6f7f9f0fc48c675c789c0284b32dbf9531a47cdbbe2e93161a8c7e817cb1d7cbc476c1534cdf38e6b0a0fc59002ec0064d96a827c7307f34b07ade15cbad2a728d3ae4e1cbe44108b545c71f61bee7756b2861ee6afa7dbf6f42c01c24d49c11fc5cadc651d0979ce62dd29c0ed03d198365d466218ab6f88cfce06749531eccadd633753dae8e47a4699b1f19d2661afb88cac87aa63a74b5e09ecd613acbe7dbfde3803481ad07ef7ccef8e5640983c1fc6702c9b206ae5a61b9e0dffbb3074a2ebc4f77bc777ebd366818c087e7b6958ac35548620304083bae8938bf99cef877f1110f1e897716c98f7ff299c7348f8a7613942d938c9a4cada878f42ca07eca650c7cfabb7133d6dfaa738f054de6d000002000494441546e565f73b215ed3c2b6500a5004b69cbe6f5aa087dc9e244b83fc856c27f4d6688e55dcb0d72a65237f9078f516843ff92b17df33fdb08fe3309d0f3e5bba27064980b63b7ccfa17d5c3e24599c1f861c989c5444a0ddb551d356392b597c45d81c988b6865f6fea40797602be375fdddc7cf3bfdd693c9fa47958ac76463a1c260b5ca2353810f600b780541fa07b00e2e0e50fa15f06ccfda83ab8bda0d4282ad80ea4a9fc708353c5030bade8e0792a0d73402f2eb68165eeda8ec6451a18da3141c343a4d9c4c5e7fe6816d115b25af6c88ca73733da1ba95bf4b078e6e1f55a6c3bdb3cdfb04ee2628f663d643a49050f472898444ef776a5344e974f345559b69a2c65ca583c803785118c6ff050273905e3e889b251267d099a46d00bf3e71fa74c97449994aec8dbb6ad4be35c039868d2e4a0d3b4e8586984c362032812b401587cc2cb96aa59eecf9d8b9c4f5658b9bff38e69cff2111f48055fcc058f6f9cb88e527ae6cd827c595bf7392e7c99ef3bac60c839191e3b5502e78907d6773dfc411b77fa44f5a0ff8cbea5c49c517db84cae9fcb3e7f9a3d0ecd99f548f0d7e6282720f11eeb94af0d5f91564ae60b600d7f512cc65a3c68fa54eb2973e645c7376c1cf1ed3fb9d702d83f4fc7cf0c40b358e87771c96756e4a28556337bebb5add662f3b597b6aaecf48de655a58c590f043464dbce6982f9bea6493bbbf657ce50ebc7dda6714f92e643602d1dfd028df4296bc6d3e9cac40793b8044c6c6575bbba158dd84dbc7c832ed8f9b268d9ca183d6be06e3ab2408f9056cf415a1402e82699d8f88227ebbb2e4827380394af942f9e9d3f48514b3d8e8668b4c104f56f31a549bdfbfe9fdedffc82da7b12441a041f4ab927ab45e702153388e61a33591e045ed17e87d12b0160a62def9989bc57da2882f2b4f3169b4065e15ef3cb67942c0cbf02704ba5f02958ebfd238609290408b9db9b15a474574f7cfbbe70b529b43175696443f49709f4e35ccf23bf5b158753a74f56e37f365118f4db43cfcbbfb0b2d948ef15b23a72d3ab4223b79ec25cf877293d6f4acebc68c9dafe264b4fae1902aa397567e024e3881e1f0ebb930b5f324df00f6f7ae36d1390699aba7337dc7673cf5f97868c0f3e3d494ac385d7acc8944ed58cf3d51306215afcd68929c403e91ec452084abfa99e24a403e2425bba629e290f06d6b840e486fcfbfff24ab92e7737377de7510b60ff3cb840461ea001c7934e5ba86ab2151d13922d81b62a21ff554588ef518e27d17d4cb714294e0c0503391331894865528998687cc898e30493f03303d683074dd50f5637bae996da55fa5044b331683deece1858d0d1140ce01e9fd761e7a071337ecc372af9f02bbff9ca160b7e014ee4fbd237f802998add063f3e02655d48c346cb78e9854d02dc503ce1c2246a6d61408c074dea4d45d01f97a97b9a8a1c4a255b81ab24080886e146787beb4eebddf0dc631b9bb758d87941f7e1ceae7201c4efb86b0460cbb578e9b846437c1acc7b53a58c0eede832c27f884b44c075d1a74f1e6249a4b12d5e364f6993db9a7b6f7db60580de4477693f1cb69c9f5c93e7671166e2d157455b80e1b35f3947a041a6c5204803b24b73e687bd7f6b16747cd03e821600f12d67661e2342464e31191afd7846b4564ce81b6f8dfd8ee91b5570aaf084744e3a1846201e4bc0b972e202376acff0ef6455e35ef699957a7f3290da95c9f800dc7bd5722078de8a604e564c52b4f81e37e5130f6db01458b25ad85de77881f5625928d4339039f46965a8f00c72c26ffaebc77237c58f7ae7d1fc7e34015ab34ca7ad8b053c33ad0d66cb16449f9f938f8a4c0aba78ed5010cada44a2e9c6be163d13914946a2d2812b010dbb8dbca7ae5ccf2be3e0a821850f2da31210b3968e63806b0464f75116db1556e9695d91c9a39ba1687451d3d10908a933e57fc607f7f8fdeb4d1bf466ee644960fa9e728eb7e1ec2f27349749d2a45735d7ffe583d635af040dc3fb0c5bb30c1bed8dc29483240828d0181404490b5aa9a214688aa542d322b260c8152f0b36f3bfbd6fb0345848f84d4f5530ed6cedc2822f12c1b3454da03acf4aa89eefd2eabe6866076a13018454b296e29150edb4d54bac8ff6ab6ad9e95a19f78aee1e0760063ce0fa29d898dc1011a4fd69ec8f88e5468a2356cb2112ec8320ed4fc92d50fde29e20eb5865f6da6c5470483339779b1b8492fcde79e01d3f7f40bda2a1a649d80f22e97e1a53d908209c3d944f328f77dc1d4627b236d4154f4a026bb90fce6900fbccbf3c5d9a3039fca98f79ae840d3c632bd6be4a417de68f7ee89b8407eb14239afbc03a5bc7f4214956cc386b2ac5bfb7e56abb458ad9062509fcace5578f144033019ffbb57344e4591d6d99458fa6fcbc4cfb354abbdaf17632e58afbc119dc7ff681d4355e403c34ebe177d289d8413af9b3fb6e8ec48e44cf897a479745e4eec29861f1c6405f87a98399c83decbbde78e367bc3ba6e6e10a98e097dd28262bef60190d1f58de2a8070b4b4ece18b779f9980040dffe20fee348dd5d2c8fcf9bd8b3a106f69651f5a4b4d34f823d462739876e84294ca4bdc2fb619ec18a3e9082f3d6c8aac97e34f51305217e05fa79c7e52c85feec34904484a911f96d90bcf2c3989f2f7c15e226883c41ade90e51405680bf3d92ccfe3ed8cbb80591798cb1898cfecef655e30ad7ff8cd074d8b4b1bc70e779d95b9cf02c13381ecf320d09d3db0f652bef0f0fb11102f6e9c787d06e8928591df918ca48f3aac617f064590d6f45eee1d949fceb80d6e5b5abab27ea17aa99c20eba86bd3fad3536efd3c05e7016878a32f86db33d36f2ef45d2073fe4b5ac3b849a66a9bb51315d8a6db1e426d9adc6614c77cf6d7cfb1e7e3b2232ef3b31254dcff560b1f35839fe0f748d9dff95faf36c27a341ccd61c3f3af37dffda3bb9bbf52dacf0377aeb57eb46460b01892e6dc4ea82d94ac19452d22b2a29bd6497b4ac5271b5461e5bb910cbe92ba83e5fe02d673239fe0465a07e4e0c868a78d411f07800204c1cd60e30e80cd2259a11d58264f9ea4ee78e4afee687d82ba3f40bb4334413bde22b7c2d887323b04622c16dc09689e76f802b65fd3db45804a9acb78eba476bfa2e583bedef68af72440ee93a94ad0b0a48d458008cf4a8f4e3b989c7ede71d65fe3d50d9b9439b0aed350a98c290bbf028c3e567dcebcd05302613568bfa7b7a15bdf8927cf2f5b4c9906ed267ffc9d105e6f0ecb9c4770723ec8e06c54d0f758361be54efab6f87587ac01fa690fd3565333a764b63be0184dfc9ff3b1dd57ff4a2ef730b1d798d2629de97ae09ed54e7b86d30e9e6113898f3aac778ab163b61c988340f722e0f2ba8bbc9368db346729db02cd19213ffc602d4f906bece096ee611dc5f5e6f7efaf673ee79dc08d77776b4b3509f9ef2a60f8f5ff7c4b73a7dc6568d0e918675d07ffc9ff7e6df3abffe8a210bff8284afcf4beffa96bd0735454f2196dd819b328d014d9dc141f12515c1aab00c8048e3a87338e7176325913f026f5da359be80b2df99a6945d93fb23de8dd3c61e2b09e1c695f390a4428031f96bcdf91f819483a5a626f7e7db1d8c779dc66baf1a72f307d8e0283f99eb649529f05e55f933530d1da50e45da7751e01445e9ce633874acb1d7ea4a0e1aa9cdbcc46a256199941a7433317182c3cc695b5284c49fa6a50083308d4e3ac5f34fe7d1676115cc57a69e7c3c7c76e2334ff610f40e8ca0ed5cc7dc9f5755a663a75de2b0835cec775453ae431f29b0e1ebcfb04f3c5d3410e4d7a601efd220dbce475e789758b26d2c85d1d2e4ca3a086cef446be5e158757fde2698a13f47dd24db349310d3ae57595dd90431fe680f925e77c7f47ec1258d640bc20af07408a20eb7127ed2f9f3ef51b27e7df35da8e58c84a51d49e5db18046084c9a555da460e0322917a4d2d161ef7cf579996d25e683076e4436844060bb0511d755dff2296ea0a8a0e9b6c8b1f19a6bc6400617e9a2cfaaaa142587ca4ff67004cc49a3fdddffed1ae5baef6cfe525665daf567f48e9f1a40b3b1e8c5ea09901ab7a403a2e32bbcfdbac755a4b0c3724659ecb19cb80f86e5e2b898f3871d600e90124d48fc9c4c0e2d1829cf1dd476129c2e9486971ac2779594618ba1681c19581c785d53ea68aabd7147ad9a5cee23d4cf822e691b5f78a3795a4ddbc9a7c5dae0b9c728df982026591af80ba7a8b7417b1471e5d428efb64afe62f2c21f7f705daa4c0b2861632dc0dc5a27569ca10207f623c41f7dac7c7bb11708347a75e3566b8ae43d3a3a73c5283248e00744239ca3ee67e7a955ea819ee2885022bb01ed3ebb61cc0f9d85988f336a6e66aaeb03f2c4bdb7f1f03954c057c50fe75f7552f3edafdd93f6f843e8978ac1a45f428f634f48aea2a2613b7f1a27f45c102e80e2391a2f80897241b1103bb44fb7ddccdb39794dfeeaf754e51873a73bd641169cf01b96e2601a689cea7d96bd84bc751fbbf1a55b024148025c088ce4d28bba68b89fdef25d051dd74be0f5ab40fb2d0a6c5ab953e663843eee98539447bd428db5b0aa6e502740328f4e9005933ae90d3e17e026ebe6fd1d00741a4b140afdb55c1430576ce2f9f9bd6decb2fed881e6961f3c6e6bfcb37fef1c1b9f3f61a604c357ffc5e5da0ff21959e8cf8fdc3e8c3f7180065cbefa2f2fd742e876237b5a9db0f025b2f71a0b03293721a15f592c456b098bc1d9aa2c5a671847d29e866a0bcf27339f4365152d318906a7dd7e06cd485c2f536e7cda4a773b801655209ff6f8996ba83ed00c7e1d5748062ed7d492ca9a02748ba511b240d9b4f573622ecad823ed285aa17496247f324dc80127c79bdec403e6ae1bb9baff85d7aeb0f4a517052269aba534c07e2a968306e3654e28eda6eb1d3b91c71c6cb66562bfc1d8cc7f808a223c80748c68492f06725a63651c41c839f245ae550098f701c4d8bac9e24671def85de32130b7ecac85761f8e765fc5c1f973f25384f1abffe862f5f3586b592794fa9b6f17392080c3a22313052e41f8cd5391c40b023ff745589153161a0e12c63111a83368a089bf22cd9ed2f94ffdca59398f398d2d2a09d1dae86baaa41fd2b382b4b7e1809aae0684ccaacadc5be6cd79d209a09f1480a40d71a3de5f1854bf8cb71d57b6aa02d2369730c67073a25d8ff60ec18ab5e22969af67cb5239437b2f2204e94542a118bcf38afa4a7b63ffee1aa38c7d8a6d0c4013ae94b23278f83b9577744d3e9c5a94a3e08a715fb5ed3893a86f4da57019528d8a50a6c116ffd84aec0fffef1b4706a87f62008d9be02bffe492bca81399f019beaa5d471e529fdff5f235936581e641fe72d44c8d357a9ae630d68afed4a88946d6330dc8f82d311c4cc682a34f2dae94b45b72ff483b4ac37cf857d314778fb158dd9f51c6a0e77e481b4adc357693c4e4fdf1a265ce53c3a2e32434d0a40136c0f959ed8c411f6116d026ed9601aa6c55502d35e4e1c51a09b96d16d0a35c7a78e093f43ba5a75d7b72b3e9bfaad843bed268f277dec5054a1622d0807c737cc5672b45d1199eaa3e72557d87eb780fd7c8f76aacd3a64d4d3b66ebf9747a83e62fca32214b061796b56ed54d8f94d5f0be686d7befe59d5efa34475b030470fd40a3e79e0c3b51f7112a4c175fad50a7bc6794aa45a3ac5ffcad0b2cbd0f5a4e93369f3a05d2016e6273ad827df0067b1ea28dd1ed8dbe109df2f944f63287517b851ed0eb9bffed8ee6f37fef5ceb8f9c78220d68bf7cc3f7a23fe5d069d3e1610142cae3733ff2c8923e6ff9197c0580a23d9e260b2aed3b384c834e037b52a96cb62171f42afa1a0cf7f617499af3016ab7b04a41f5f9b621c175dfb8df36ca655e6d2f4e655ca5a65783ab07414da3265f97310ed00f9a1add8260307a3a27bacba31038ee59e3fb4d8eb38221cad9bffaafae54ba5ebb61321af53ffe379fb258cfd7ffdfdb7eea40fd130168ccf42fffee45857df649eb8301d8be873dd258a4d6583c6cb914a770983c8d8056fc53c6f859c287493313399842be42ec4c34430134fb04be266d074d79d8412478a9320deebb6d4d02a19ef4f6f144c689e3b6a580d6a745bf74c591d62c66b7da9bbab2e0dfa7c59b7a83d09b0073f45901c94d7ffda898903deaf65847b564bea527006a07846e3c2c02fa1bcc91964bc399b1409a7e075f526fe5efc8e4c772f1f2f7d2c12fd0d3c7c53bb0e01e542f8405da028992f277e563c40241b0fa51f0312c66b4cfb7956df0b5ffe7a602826004f9e9f8d64d2c07731c3a77bae0651a7a6e2cef49639f92a1e05a5e1944abe1752c167dffa8366f0554b01e9e7a7883818b69a034c8c2f99f0f04179bebf29e1c7456db243f76dab1a03dafccbff35d502878872dea92883679b92ae80081b18ebe70347a94c70c5b098db6d97a23758bcb194a2e103bda741e2b852247cc1dee66b0f75772f623f73caf0d6dd7971e28514bf6b513c709bd98dbb354d10738b3eddb6d7229d85e99d6f636b97c18e7eb5a6373950ad73d12b7b0812d65de6fabbf494cb12c601d95b4bcfea28871c5ab03e859cbe77e54b6def0ad47d469f144552f1ed45c282bd3dc8512cc1bb51e099c93938d854adfea7ff26faf6dbefe9f6e4d8ad04fe9f85b05e8a90a70fdd26f5f689b4cfab1519a32d5409eea42f9f501de24dc993b9feca0d537074de374201ea27d1a98847bc4ebfba099fe4e818dd4307c98ea95181053935697517f76062957f5347dc3141f8b7ea182f1b2cfaf6abef5877709d4942e98aba5a2607117cf82c5091428d5a6fad1f2bcc568b65b48b8af3fdb7d8ed69653cda1beafde0fbff09be799cf78f04834c48c5f7df5f2e629094cee4dc10f60cb3b461a3a4d532bc9c652ba6ef9ebc7e55f3d4bb9d92f36af09e0d34e32ddfce261b4c74f1d4d66eee76975116c01d0a1da93bf8c2eb41e203e6b41db2fd654b094220d6c076c5dbf77afa2feca00f123f15c975a96bd8240cc1f97e64d598b8b60d5e79e728de664dd736f368fdcf5bc6d3f1537dfed68df023bf661b441f07f3d831dcdc73e5283294b1b73decbd64ee42972cd67c9aa3a47ad77d3b3876d6da676aaefbdd7dcabc01ac1ba92ce19b4d1bedb8ce7a274ac52a0f78c0b4f6868b570c3b71eb2c05c127a6976b8c5fbda3880403bd944c3b477324be60818b76e6673e1b6fd5f3f6858a63f10c5e205c69bed4e42f6e4fc19bf43a747ef79b159a4cd3a8ed6be8eb80249c1c492a7380a1e26687de135da624d008ed5f2957f7aa9e21b1f347f24a582b1ffa48fbf158086289890447101608edd2a43452aa3819ae6685db2b02a659e65b3b65d25698518b1835656beef696a714df5758c613a4734411d70c828c0145d6cb9b47dc3332d3bf65e23b8c24e2b56fedd9bada8450f0b50da26aa5a24987854276e94d693daf1b4da18f760811e262d0bad6d8fb44bf3c3d24bc31f90b502d76cca68b356c1f0d118f07fb24dd4f94aadeb2e086ed48e1ead6186cc4b3e63d718320ce8fec763ecacbcf0236e61edbca68ac63ffbfddb4c18148d67c8b97d73d5fcd436e8c1d971baf59f59466c834af4f2f71e10e451b30dcf88b3da6a682935aec37bf11abf57c2cb3264e308de350b85f45d3b8f4636a77a3e87e75005077059a565f0b51a246bdef1edcf575aa70728711bcd393a6d511506d9993f8648b074dc78fd62634f74f55437c016debdf20ba799bba40bce4e95f16a7cb5cbdab8b2a96cf4b3fbfa2ac232bf0f0294cc0b5c56cb6cd3d8c63a18b25932eb1b85c7761ccaef49e5e79baa4c5c9646d77907ffdb41ddd7685cff855bb260cc2f693f3a8ac010be8216549d4e3a6ca2f136c55b5898d0826b71c1f23e2843b8bd164a393a5d6d020e553c82de26bff92fae50907ebd366178b837177fbb7f7ee2004dbf8baffcd34b72ef8634785c07772bc0b6560d7e904a4cde2c011441b975f21fd2c3d637b9a3fc7520629ba7d327649856d5d75c06d8394c6a07745cc312136182addc7e6cf2470e1ca9e28974204accf7e52ab93e9bf965d1ed52c046cfa25bde0475e49abbf0f0bc01aba360fb40ae25ad8ae293d75fde6c2696bb346cd165d61e8b0eac4f34cb997291d8f64ab61ea499e5fd0a01e177a5c5e25a82fe5bd456934e7d09fbd8494479cc5963ec6b87912c08290a24fc3a17189d9f71f138add38aea28aa3627798e226c0f13b0059ce3f97951f694df8e101d26406d28feeccc679de70f5bec4eff3e8fc4f7cbdf39afe55736cdf46eed5c839fdb34d4c0973e76e68cdec8d65a55ae1f7cb3048339350555bb54a10b230dc408c2b5822775e363d3dda38f9b67dddf6659ffe776179e749fe464deaa0d907fa0b440524ebdbe20be9ead2f1746cc5d766bd09a94f4351f1f6e0a806f4376e111b4c6bd43dc857bd0b3058d75b0f35f122c73171dd63caeaac061bc50c69379c769bbbf3598aed1ee2d2a86a247fc1c69cdd6382c5d6cdfa2309dabdd8878f7dd5288b6bffd4ef3d8033bad3ee2b4f38fb3a663f49c3971e5d1d60fe84fe4f6f849a5e57d7200ad775d2e297ad9e756163ad23702d3992abc1d02054fe9daabc9a2efc2caf38fb73e18df512a12c48131c912487ceedac0a0ac8d9a634be6969dfa8b34df2d4f557755153fae160392f325f53348fd1206973a9f1c2d6df3c5675f6d8312dddbb5c14d377ff99917ee2481e6e14ac8e7481bcd82532d7bf11b7eb059f20dd32a93639b98db5a489a7fd0d92df4d8cdcff7d172fd05ca37657b2fb40202804fc94ffb9a7a45e03f65f101aaefa8cc9d030ddd003d54169a5998ef1b7b5d178073d6d680bae5d859b3f5ebfbe0e60bab07c46e9eda233308f89cf5013a06771de48781781c6bbca7f14b1ed7508d2cd073d87d9dceae3dbb4a5d002c3da0c715e94fd7b209b49ac61cc6c2f76ef5bc2c0d748af660f449a0df041dfcd0f016ab9c798ab4bf43c547b8cbf89dc0e3e77fe35c053353a5a41d1ac25ef10d9b1ecc52d6460bea1ef54b3b8bc3ef34f07fc67cbf1e2ceef264e1051782960239ae39eddc2506cef4bb26cf996294b90240b244a81b4099617db395dc0eb9e8189fed953846960614c1df8fb6ff86acb87e30b1283dc14a335887afe09bde5a70450f6132497e659a2bb5fb8ffa4ca295682f49295f0450d1ae2d582d326dd33af9d1771eb1bd1acfd08ef1474af090eef85bffea2ae5886f6dbef61f6f193acf9fe4879f0840336fbff3bf5c5d729ac97ddc2c13ee077ffea0697f30a447f78bbf2c939320189da99048172bab80ed78e2b6f599d7da77ee99b7fd855c60352cf4c4b069fae2f79dc54a49b304c7d3ca4658a2b686831ba72646386ae1a166a2a2099966ec0b223fa334287710c83f31f7e6282be3b05cc145ff0c9a01e15a29eb59f7621112c8999ef354a96224d58bf267331775f22e313cf7eb9b7fbee049d0dfba79a352e8deb02c07fcad70a12fded8d5ce823899b387c28a337f8f7e0528fbdc18c0ddbf0a4ba1b84c3a97e5392d0b2a7fe9a0d799279fcba0ad96fbc7678fa15ddb3b1610cb0b3b68f3febd3d3bdcafcf57d19271388b969f7f16c57c01101fbbd3348cd5fdbe58317ed0b0ca5d1e9433731fb28d98bba3d8495bd6187615c51768c9fc4e4f8b29566a9e0e34dc9d79576e008ba01816ed8be44f9bff3a098818601c262c5116d0ca01e773af38d10abceeb8ee895cdeaf543a0917de99f5ce18e950789c1a19e1baa188888e76046687f9a0f90ceb154c789d22996c2d1621d85bfb1d01cbb9bee68255e28a32aea25bd438e9ccd54b4597490a0e4e32d7c516590ebc33ae4b2a4dad7f384aa2464833a6297a0772b83728279c1ed92bd43306cb769668fd0f55f9fc67bf7f7b4e71ec2f844fe6ef71bff7afbf394ce1fcd87767ffba2f7ef53cdbdc9383767fec6b4751072634344b444a65ad64262c525f04b62bf23ebe10042021af9688fa8ddf7ea4f5e7ed471bd9af19d45b88f627c3c86f662fddd3d66054a4feaf6abb274ca2be29698c2e06bdf9bb8f6922d7da02290b312cfa0200f6da6d65d5b52a333d461a1023c10fff07bf7743f2df4a1b318d5ae0bc425b28115d4eed3dd3f1fe9ef772d379e56f8a4e145ab07762f2e5bac6d4c2abf719680324dd36a8063ef1edf242701f6ad4ec7cc14653bccf1c11803bc0e42671bec0f9c0e9d39983bcf8ecd4a01175c6b91faef47b99d0f47b65da146d97f78ea0dbd3e4fdf6f6cc6801ed47e8d87087f05604e38ee0ebf173d40ae3ebf569533463a7a94e70d04ee70ab4059c074aa306a0518a707db8b64ade2fe981461a9d0edfc1279e2e686b21bf87cf81b74db0dbebfb14689cd19c7fc532a57fce37258c6c0d7aaff8be82e51df4100acd38aca1952c00e685354e9adfc967f95661836ac1ddb21ec8a94fa9a80c78300d35d26d2c1ee9f3651987c6445bdcd3d5a1f16bffd78d66615ca3deeacce40fe5e679449b141f2c41f159553893e97493b4e8a7b4131343217d951a03f2a7715562353ca0d6bab673cfdfc2f137d2a031af7ee39f5fa68127b3e975f9c078193aa671b8f9eb0ccf7cb19968daf4d4a6cefe8ba4259aca41d39b62b238334700c95796c59eff1e3a4971d1272e2b9a74e7faccf468a7080b9a7ea79d87fb071bc94e68162e996d7e32e33fd73eb316d60aa3c41e2c02a4303d708fd13e7d6979a4ef920997d2ba300d69ab7aac768406f837bfb1ad795d414bb882925bb41f1601591668d33128574699df2f36844a436c1741d44a5bd5b96d04d437cf87f9b9fb54e980196fd4d364e33d3a01436ed49fe39e663c4cab2f42c307c2f31c507d9ec3bd8b36ec801dafebf1855d16af0d5a6ed4aafba01c038471cc31b0d6a7ad0bc228d4fc3dfcfe0e447d7e37c5c7d1368f11ab6ebb7a71a73e724db35942bc2831f97cd728b9b6d3b4dfb5cf38b9fa0cd0873f3997ac07fa75cf571604077d579e7ff2d5bce34d8f2bf420ab6710cd716ba0ac4159f897448165ab16e4dcee016eb2f54597498b8584b9ea9ce9eb2dace9cef7413988c28ef5484015a1728a324f0888b2e9832f64d695f5aed67b1f2630c60ac1ade45967f8d3bf25972c6d8a5748a3a6852c2d04707dfee97fb9fd13cf9bfe1f06e85ffeedd5b6ff9f33e0e3923af7a86939e066810c08e78b2d71936988adffa90fa9e9ef77e51b4dc0978348bd09184b5a8ea9c5b836e69a954122ffc9f2357cced870b5e09723e5a7a7ec94499c7938feaa54b4820bb9af95b906cb230e568adba5da2df938134a3e7a691253a7d8ee2177c9a5335e020e6d61db965dcd77d5ae92de057bd4ef9aeda4cc35619cc783129e95eabb20b87cb14726750dc27f3af858397547e34798a605eff33940e7bee697a911c172c0c41fa62d86cfca98fd3d02853a63f7b166e0ec8c317e5766285021f04f6797eb1e10650a0751d6058e0214916f3ac42eb3cf2dc8770000200049444154d4d5447d4cae2c44c00fa058e81d81c7964180fb4c279f477b7cb8afcf9fdf0b3747d48afd4e03b4cd02d53ff7f3e0e3d315245b2ade450723f52c1de90906761a53ca836e5d6871ccc5df9fdf8be0f5766525d19f7c9152dd068f54c1493c6adb167a95a44caed8f7c35e9b79c80545fdf7ea0b52ce678ccb4f5f649a33df4f38401b414b71bafa4ba79bcb659b72a41138f4ff99216f00a0ebfe6a9a3d913648d18d59cd7a361afe0b3af753bf72a6b947d8c3f29ffedb4f37ffeddfffe8130d20fe0f01f44a491ea2a14c14745af3d886e6e6ef3d962b01535a5dbf64d8537ea2063564769a350a56e0d72af5f219dccd1f15b5a47c71475b0937ec7fee9a48d1563263c7f3b25c30c29f72f631b627e1a09b639f356467b3d2f5ca174e91789d95018ec636f802193fa5abc78809bd7a8c31509146b9f82bebdeca5bd1a7d26152eed62b6aecf9b10ccf5314070585bf7c08e675964efa236a1f1fba4f5337c3cd14171b64a5cacb8288d625305d69f4184b43f1ef1d70f2f3fc991dcd37dfc301dcc766e7048dd93e1f43934ba7465193af0d0238f2d3c73181fbfc174d7ad7589de7e2b8ecde81170d10823232a0e1c3bb59f8f9777dcb64808f33680e8c31ce739c9b20ac7d3cfd67f401386ae571cce53c9df082b230d07a099ccd55a608051ea914beb16db100689a5c7980b13343798d153ecaf3fb8180fdbdd279b037a73a0737c8023508a388cd2bcd5d612b8a58b877879f325f3adda2a241409cd84faaca4c1cbe205b0337cbf27fe08ee72c0df60baa1d989d73cfd951864c9497b45e4b6aad2d4e65a4e8bda96720cd70feb14758e6d46ffdcf57aaddec43a964fd13387e6c80fe7bffec32f3d37aba0e11e0ef7dfdfee67d99572c6c4f07eb005f96b2349d4f04199c142718693a38e5dda44f744ce747cdc9272591390049d498f83c5dd86625f8f9f9f372ff7c0ee327cb01c09aaebdd2060f758f937ff8021577cc50359a318e188ed422dc33f8daa6677f3c4cffb226960650cf2b3f14c1f3d66bdb53d08e454ebf910c864cbe372b6f177bfbf4b128d6d1ece2a2ce9c8ce6c04ec8948db3fd133d3d661c3ad5029ded73c859d56ec9ea4ff1f03d6bad12acf814c7900e03822dd0b52c709f0bd70af3ebf479234f6efa91cfe98389cfbf09fa7c5e14407d8d7f4c4b60d8a2e969c5dcab6361f4aee968881198e3750ecafbe1bfce981df0e18b4c2fa7473caff3ee3e37fe937b0461e86b23d2d55fa52f443aef94e7121e78556e4bfa95f8e490474dfa26455b640ad17783f5009fffe01b0f747cdaa654e5b9424059132cbca1fa9d9605c7abea70d8fac2654ad52e017b763ef20ad328fc3beb213cc7d67afedb4d601b83d6175a30ebe1ac4b4eb4b609e9608d6e92cb72bd05ed97abeb1dcdc93836bfbeb5f9f3ff728769c4967d12d642fa5d1dffd80b512e8f53e4533f57d95328556c4347b5285af6dff4f8b1009afce608ce3c9c769838db19f02e55113df7e4cbed5e606e3a894200179b450e26cac757d8d7cc5143784ac3ad386352cae54c3cde2eeb8105ee5a765e0c7e4797b61d06cd0ba043b8a005c294486e1a0f252db30f8de9ae965da17f7eb0c330bbbbac1510d37780ec15ca6f7153d063c4b5d2d49d6f8c36dcae3df6b4d238fe61c055b4c5c272fa85926531374c77ba8232986c8c8bedb2281d27884b410cd712105979ee62cb95a55bde5f6a93dc020a01bcfa2098d89bffe8bf3ed7cc55fe3c96d7f7b35dca1c45f0ee69a5e9d6f98dc7a20df399e7bd68bb615c1dff771e5b1cb77d1f782b024a9f6fecbac2d339f0dae34bbb3e0266b8c6af2fef1e95890c2c63f179bcc69be60f5824d0d2e995f9bc23c09d4e618cc3d6577cef9413dd069909e6d3c48a4d2e003b322266ab9dc01c653715523840065e80e70f54ca1fa5fef0267b880e3fd2887171245ab4bb94fbbcf1690703382f0bc472cf9e52c0f780ecb3daf0830661cb4f5b64c14e840befe46d4e4bdd806e84a58b525572b6a3d0cd341caf4a605c9df7c83dc2f9e7ab3be324b94e48cb3b5896f6f5dabcc1363ef81f3c3e36409f2edfcde1b9cb57d4733077565fcd2690d0e84305b7b6dbd63f9657ab17c29cb11e12f22dd3e339350adf7fa316da3db27b4a61ca00589179e2828c9317416c4023f37b0d036a5d48b513f7ede4f7da40d29d3c4d100d9fbcce3592ca70e61b02be9d1250b490b4b305c4d6f94c97d9de7a7e30c943844e07fcc202ff48533dbe475ef00439a0fffc630e6bce9354a7d4fb0105669e563e3a4d96f83e961ad390885ccf6be48f5bb2ec28ed84ad3d1865dad91c06216b2ead1ea339c0f938fb168bd1220091cf53a44734b5e3fcc6f9ef687c19cc0283249af7055b00cffe7d3b190a3ebb819636a61e8096b845a0c1803b23cc73df5dd33fb7ec4ee234ce3fcb5803e8b820343f737a59e3a38e30e03b7fe7def7767dbe36ae89be556a965d3e37d2bf0861ac64ce104b4fd4fd3e549ae82bda68010d1a208b1abeaf4ff86d86b4ee2bb503bcf5541758d30363ec434a83c08d7c6ab4db09b443084a40ff3a530802edfaeed578feea2b979b92f9882c450a512c61a1600241fd96c3ad7197d1b14d7888565b4bab34638fdfbfce3a2bce51da2382e50459015424fee77ff783fdbcebfebffa5800fd1bffecd2dce0c58c3f67e7fcd35f28355aa137b1edaa6d122b35062233028dedae1b9e3289748afac44e97999de8e2fa56d22a91ac6f6f56249aa0435c74ba1f134d05967f17359fb8788ce97aa090782e6b1881b19dc9f90920cd9236b048d54273957bcc8174e55674b7daa84ac375aab8e31d366b2f34d28e7c67923499098cfb0c5eb49af03e7d00e85b05035a42a03ae32a422880109fd13780647fca54893e639efdf5d7ef958f1b464fbbd0c4464bf6925a6c6843d7cb77962c9d05cd9d4a75e23d7d7af0a94f545a517a767a3ad7b059aca5fb318ef01231b32382489f36d10ced6be19d39cb7c5c849bff1d172634cac26fd8222dda71d42efdfc7cbff4825dabad2cd9f0ace213759ecad717ad76c8b8fa3ee10ee0c7f35d0bf639775eee099cce90fdf9e1c361401caf893cd7019e78529a84a176a401942e347eca8d9a12f97ca3877457be7f5b7c78b3f2907105524d8b0b71bb0a5c08c4f1fd01a56f477a38595d54f7fd957cbc68a8e662f039f739ea0bb42134b053edf35443b0483dd48fc44a9f7748dbd3265b92f483c1c7ce81cb6f837aa760653ad93bd62b738200d5b9e0c6b253e7597119991fe98909cfc8f2f8f2ef5cd8fcc97fbeb54fd58ff5f74702348d5a52902b0ecf07d0056c163f7d1d9e787043f3815e6ceab409cd152aaf8430a4cde002a1c0e287da9e89cfa9de49c778f57fd8669b855275482bc00274fad61af7eb1ec7ab8084047632452c6a9c81386a07f1ada386e180d80142a64df700680e924975e9674eb5bc478a451ed3ce21ef2993825696001515466457c0255ce3c1346bea9227aa95c4410b89c2a0c740c3fa8c383017313864712476634a7456fe9ebec15304ae14b99cae0a4d7656592357c6cd6ab0cf6280f95a804a0329c28919103dc995c53778a57601a127019b0024864d155efd283e5de8e8dd8c3b88dd5cf83b75da33c2da33fa1a9e3dd7c79fe9d161fcde777e0fce2129d33be68de923ce3c11e7b93cd3bf8b401741d799a74ff3a8a9f6e6b0bd243c319f1fb5493fafc393f939652efbf7cee0df7f177f9f28dc866ac23e07edc3078a9b221ff869f1a7bd836bd5bd138a05eb42ca69e9e30e3c80e2406f1876be2118879f7986623c801bed21d833927548100f00c71548b3305c065878f4303105adc7573e86383457f9ec679e0bee8dfb8efbc381879416a32a52d1380052d6089bce72bc20febf53ed29bc3d02d7f87da38b2909596d50abfd4017da9ea0091369a7804b719aacd723e4ab3f571df4eed2fd7edc63bf004d93f05f16fab74baa5d4a9477126d8dbb13f0f02dda42868014a6f29372f2d34b00e0a081b71feb542a9d3ac7a50320fc913a6091df7b96fcd998e268e1be5b37843973f571cdd9eac4f5ba4ac2bfad3d0a77094c4a84b7cf3890aca7c1704adf3cb1cb384f5fe03f7a4c41bfed92f404c9b83fef9d9a3aa5801e95470ec69d45d35fe4bec03363178d82e7b9d93a64d1dbd7e15de2eff671beb6b80cf2428096f44f3e5f0dc729842187fadb7f78a76586a07d94cc10bfb73179ab05a74d64c73527ca243b532d23393ea7dec5cc9be7b8f7485cfe3c4ae6dc870a42924fba4501137611b95fdde1f6c96fd9295ec80bab0fce654841c80d03a4a23df5b4b328a4fc9c617ee73e088ef53ec60c3d4072ad38ba458ab63f0cbc1d44a215178025d2604090f4ee37a075e7991bd07e1d24339fbbf02f4239ac89f2fc3cbebec539e08a896b2710aee5a22088f3f77ecf0866f86ba316cc16698c85980f9bed321c1433ea2bf889ab6d9e7a73b0c1039955c4781c283b0a4050d40a0fd872493c6e90a9df490b9ea2f4560e5ae4e29a39f6c4b9b6d1c32102695cabec4af4a46a1cd82499dced994aa1c3c542cf75ef555e4890e78a7c6dc07cc171b37381d93875f47bd8aa2a7ffd7fbad4b2be88efcc90c2f30329a73fce31e18af3bff47f8c75c1af2b28e8b9800c1a6d92f43a161ecdb8316f59a0aed23f2e807b565af0e56ada4d4a0e01b31315188c5b56f12c4a39d146915a48c7eb54120e9820654e5329e6b12ae8a0ede00e4d20e93b04b9d8ed0002f1b20028810a8e3e030f0300d74a7db26c1283b4772d9a5d29a8f0c30f853bc036a6d5c9c5171518d54bbaed56430868cf8c0bc0cf19a2c5f517ac8fd7ef11fd8e453bd07dd00a60e4e3240c01e70572cdecb24ace272c18c2e307c0d988907257c9ffa48b1d74a7b213269a3a2deddc414fdc84290362a2f7b60988c90aa16736992c6489d03319d0eecf5104da8e8b2a68b5451bcc0b2cce71fcce3ab8318f16c86a6721c626fa9596d1dd547820bfe5504d3580b53d2bf38d0390f3523f1e128964f31b0494f38c6ba77dcbcbf37e63de7604dafdf25c7e7007a87a3c1adfb373dff86ee13e85e7fa7c3e4410c5f88abb998ad69baf778ef2ac2ffb491653ee0783c54a4a1c958f1be49a237645a0bd739f9e961e695ae8a3074d54beb35f87f2b84b0a18a9b0b7aadaf9296d21c7d67b645e5021488b87f51204377ee7518b272d91b273f9e74f95cb6f91b95e7da386329f790db244509208967a2b07921c16caea3c4a38980a82f6a917c821d631f04d599c1ff71813a0cf55a5cc31b6ef9c761b915be17b7fa6dd1114b8e3e5304126c9bf8c54034c79c1271f78d1f6cca319f65c6537602250b64d59374d5de20262c034f2e1582be2630e9cabd49765aaa463b258ec0413e7cbdc605b9a3315114d7bbaa5b2d1279412831b04edced76507e45c1b0b54e83349460efb610c0310e75e1751fb7617829de21a6cb966b067722798d163227b4ecfe55134bbbe16ee630fc093069b40c95b3d5ea800ed0557ad680e962b0270beee2f1eb0943eb68372006a4131ed620efd09f802cce7ca2a395ad58b044e86ef1c3d0cb6227b75973b604d4378b6eac28f470b575ea12f480bd025d2b7e990bdf78dc0e6606882493e49fa22709016e9556bc922eace4bd4100bc8e6f37cfea336187dd0ae3ddbfce7b1e16a29fd9791e0aed5dbf424f8b173f33fbb870bebfcae7dc0cd2cd8ba86f23d6c5cf1daf07b1c7b7e689c98f2fb9882c769e03f5d1831dec06bfbd3a87d4e226ffa58c6e21ce7f9be202efc6a423781769a3b275a3773260a8ed8fa95cfc9caa039dbea2b969b46ce8e3d2400e06641d1042429774718d0ebe63081ebb3c2af1fa9cd043bd89fac264f977f6195b942c85423d7dbacfa34b9febab615196e13b25300e5e304f83c9734448285540ba384f21ef8d1a98dc0dd9bd964e87cc50f8702344d42d8430dca2019eed40ed0f85a59c454d9a0256116a01953f5c3d64437e9c55830a9624e5be6a071ab11cb1665752ccf0b0953dab713f2f79ca5ae57b41d45baa4cc0997af695ba6f7e46a20f38094361626f77d540d4da2ff34a6b1704eca9d4c9b6d0e0386c47b7a8e6b0cbd45e304f2910cdb6ade41c079c741a66856ae5d84c519c1b9333345caa4311566776a1893b67e6dc081b4a58bb4e92e1b73f2b2bcce03b73eab2d99d24e187ded30d1487da6154d6777e50b75ed5112b4c9424adf0db7053e9287c209edfc91be0493be9335867e07b322347a5717dabb20eb0392fec65778b1fa219c7de932eb99c266a0640b997f7a0c1741d46287be51005607713f2ffe4dd088d2fdf9ead5fdbe5c73def83f9e5bee1fc6538486f3453e290a0c9f7b07bd4e7039f04204beae786c67b06ff774ce8b4a42b0f2ca739d135cd0e59f0eda69ed66a6f3851c7935bc638c1574c6ed2097afef2845811b6d5d21ebc298227d4df88571f21d1840e9f5aa731637a7aaa9136be549298ba4f7019e68e3282ae00d608ce5b84541ffeffec97de6d63843196be434fb86d6b8736ffaeea3d6d8cc376eb024080990cb95f37cbe8400e363138b83d5edaedd1b338d943a086b67a1b506489f2c3c7c501b377c9c63d007ad27fdca3f5cede4b682113a645dae66dfbe25922fe663b5fb00bfb323055535675a83a1d49c9fa0112e8cd5d79c6ca4ddbd73b775b7a39fea4a11cd777588e95e69c03e8de9272d02f15173d07af3ce1f915da040546e30c4e7e4567336c144020e47c907ce164e5401f5171be717e08d14ca4c1bcd4e97f405347b14ed684181e98b6600e344c070f0cd63881a40b9755e309dc5caf959ab0168d98166b59af0af3853e09c81f5e987d6c9f7fb7cee75db823cb00e33d255ec3c45c517aa50689a7e6f4139be545c421f877d9c9a1dfb255fa87e06b2b6e01b04e6d3727d794743bf73b9ca2d9efc8e6951b22a5d53698b375018e83ab65c7d107887e3d5b4e79e9b9f357e6ba8fc7481e8f7700a05dac7e7178e73c089f4cfe372aa2018f1f55faaca318a341ebd7b6d73a332136c5d8439ed2805e19d8c5a51f00ce1a7329e307e3f6dacd9894a82cfc89815a0911f7bbff7efd38adbaef8765e7425c0d74c5f192aeb2cf27d4fe046416dcf736b24cf6347903b10274276ac8d484a009a664c0b54dd47abd323e6ceb0927504f862b903499565cbbda71fdb685a34fdddd1b2513877a89e81cd31d22eeaa97736c3f7784a9c03c09620e001ca7062530c5a59788328c683768e40a08ff45ad587903248ff0e80ff2bdab8f88ffec3cd1fb9c806009a00df6439ca7d70a8f0b4d9ebb6df6cc986fafeb0187516dbd558f97763aa3e3e655a07a60476b53e94731e22906a4392fb6a350ff22c0e0274ec304d67bc34979e274d5dfeb49228feaadc1d4829b43140e718edd08c0be568a5cea4c9d5d64922167eeaf56b5eb3a626636d9b1499a99fedd149d18ada00d39519c3b589a2990d018692f21598b21330b4e90f47d02afa8bd1051060405b56d39cb3a8d925e1979acb7c68da42141cb81908d85e7ced29d626311dad95d2ea26e39a9d7291e06b7b5973c79c241a75c519e3372128b390d7c2aa4aa5b3c37436691962500a990802e1931ebaebf7180baf0464335d706f119ba022d2dfc3d7293f0be047edaca751c7b777402882200049b19ada27997b8d8ab194e7da582f8983241c68f25ec06ac8f38ab6c977bd2519a95b56550fc4fc9232af63816c8f973a3651b610a2b211bf2f166904befebb8c018a36ee2102307eeefcdb7159b900cc8a8cf9dcfd3e99561dae0ae7fbfa1b2614b8c5b3ea3ef7b6624ac459562a8675b1fae1c4836e746c7240861339d9f0f07c95972f3d659eaa0c7dcfc6342374ea5ca8ef487af0adb8ec7db0d6d1aaf39a82b73d19f01e050d492fbef053e9b9c4e43c25176cc56380a722edc63ef63100d05729993cca4b9a834cb0b3869bc08f688f2fb22faef8bc2a67acc459a0aa457bacc093e6224433af902f074d99ac0f5e8a00d662f9ae69320280625eb02b346d36696ab149dbe2904180efda37d8fc40cdc59f7a644392b07a0adbb45ff429259dcf1ed675aed1f529c8a5fd2085f721a11f5e8af4084c38a08904a6e61a67b83e10f8ed0ab304464ebc9b9e58c07cd87cb8c6e002208f2ba611e14abaecb3a776c019edf441b53ba46770dc991b3af3587233af544aa36f8ada3e3abdd14e690c0854dc46449df1e732271d942f2c98e11c46d47c7aea12c9f95422b63b45474a2a7a2e86a7b2ea366d64eb99101d9af8fdfd9d037d2268613de0e3a3176fdc19c4162b6b3bd3d8fe74908bda5bfedcfdcafdf9b0cf69e8c57d8260e67e7b3fd867bb9cd066d38953025b2873c1171d41d7b5cba804443f751c739fff8c67fa5a6e00b101dfb06b9f63f0977fecef1dd781cf475ffb2f7c9b18d96e11af8bca401178fea02078d31cb12093e61b699c6e1a7b2eb6ecd7795606f2be1bcb695ceea10f0e97ebf4e4b3179b06dbd28933d38899afa4e4a437e49c6bbf7c66efedd2b70c3bed13d93d6c05e5560d7e1f572ee72b40c8b3d93083f595aa8edbe7f33b9e8afff87f7e7fe0bef1830e4093434bb0898bd72b5dea59a5bbb1c1a955f2142f50f7212955260e5edbecc8df72a97c33d3942140f3781fbc25b493949e9b794314c0981cc90b14ecf297a5061fd0beea17cf30339939a561c9ab1bb6405a0b00d00e346d463b4838b4bffb6e5e634526936d278ab45b73348b3a51f7b8987ba03c8c7a7d2d684c0a23f17b8cb7bf735d0094fb87c589764c4076f919de47371506118cbd5fda7374155986063e6a59292b743e5a77d48431f1a8fc22e84ba0978c1adb38c00a4e14f91e5241981835170f71b7b4ce2c9b86264b4f3eb4be395efb399e2abf5ff26b77b7563af154ed882e1f39959691a93b4d8786686169f9a40aafb32f5edaac92a9da971ef0847515ccc4753a0e5b504341c6e93c44fbe51e04972801be48960bbcddddd32f8dd01507a393d167eccd738b9698012b029b3755f2b1c7405a5f5b1ce0a52ce41da8fa7cda1100cee7fb8587a172daaef07bfbd80bef060dd8e72e3e22ae87227cc3fd6280b60ffe03f3eaf4cbb48eb4c705e54ac93b3bf698364de20165d8edd162474bdbf4d437b5630ac911c4cc582bcfabd0cebb4832b7ac472cc98841acc79dda2e8b67b46d20a8daedae3f7f3e9e0a301777cb584707a0cfbe845ce534687c96f314444aad9e536b41fc3564719082d5fa675229641bd04864a754f3b2cfadb26d75fce5cf56660826054510f4555d2420a1f35bffa06fc41ffefb1bacdcfb24b508dcb6697b73cbf71e372946d932f7c3374eda0c9baff68f8ddafd80baffab7ef17425c01f6965ce38e56daba19e761b4d2a670837ad232346662b8c1598bcaf3dbbc6301613f6b5b7618bcd3f43a36527ef33954bde02441ad113dace0ad369a282b8263ab330a292f014691051805188422b55aa04c982293b376b90a67d9b82d30a9534c644852896d3b81242c3b40884375e795bfbcd29d2ad3cf5abbf7486594011a4f1e9a18192e93331b5fe4b77c9022c0aa50e88ea3134453f456eb6732f27d5d2993d290de460a78c8a41cdae84ca7bc01569edfc10c120ce3b9fb349c3595a1b54990e80731e7849bb742d7688b0e9bbb78a0bc7e81cfa68e40146d5230275a14f109865cc7d8ba1cf586ea119f57a42cd9f1bb4dc08c4365ffdf593c79e39a27d9a6bdb1944cbda722d3a8c6b40e1e969eaf67d509ccab3f267c609e139282bec4c4e2b06b2365833af2ae799b4b90ba4b478da9b57fbb55448a3a46dc377fef89e9256c7bdddc53b512ed4cbb5ad1f95d1dbe4bb268dcf0f149f1bfeea6165552d6f26cf996479d66cf9871b7689769529470b34cd2572bdd0f96eac7e1d05a0f1c3909f9c8e7de63a48ee03490b69a46c17432474ae7cd498ccb827f8ee6835d72640b3403ff93bf5866d7b6da41d9313ab11d9bffa974e57b1c9b12ab59c99179b0fbb95ef482e52ef5255cfbe545d28402732fbd95f3f27d5fcebf4441c9fde761b795a7c2eb600663a0e94bbc3d5ab32913df3abf379fcaec7181d1ff430edb8c75c6ed6399345e02e1a5f4fdb8a9a200b02edf12c750224c0d7ea344a2f537499aa4a37af7957021c97cbdf7ca2d284e2b904b4d060778aaedebfb704ed0c9413ada2ebc1382198cd362e077007d83c0313059cfb540a4e63f31ffce97dcd559a67b2707c530678220ac88e365738243dbf684a7a1641179a399d213fb607962314933e8515177ba714eb2868731d019a5eb4bc6f07080bd7a45fa80623be82a613e9c97708bcb29d18e3eed124d26f2c815cc44d5f7b77f089401f80d3ee9d691ff9c587df01d2705d4c473332e4f9ecdc23cf81dddf7933d32cae936891badba1c3bb995fecd2f07b7fbcf13dca3cf581bc2f8c82a0894db99857bc0e00f3462923f00ce0376dfa64b9c7b4959de52427e10e10a37492ce6b456828221acc73eaaf830243d3fea248406fdb7c6392fa63cfb31ed9c477dad85c722962d9a39c00dedff9ef779bef39292be3a49c283029372dbf2f934579826a446cdb3269fb8c77d851e0ff33bf7a666630c8e51f27d07becde176c071198917deefe5a4de52916e13b9a59ff82b6bc9a3567a645476fd4b6e48fa91189f931cb9108422f0b8250e449a70e5171692430c05f43623a3464f044ed297861e22ce0a7abd0e00906b2e8b9e7c6e75f7716b07ba6859ccc4e028baf4ab32bfd3b9cd1223582248edab39d12165ebc24bd51f7702db3f369d0b2fd5e512b895a4ce2e1e4632f6247cc456adccaf35d1b6e75d9fb6e5d63dbd87b823fb45aa2dcf593d432d137dc2488cb166477a8f5a175126376bddf73327d5ab01a98b1acd9a58115bf617c6f1b3f8b270309cf5dab00edf5cad8d9adc0af2f066e8155e6ee8d8e56d47b677b4380c184939ac6cb1a48a6642b841d9ea85445e0d810f3bf02f2f93ec54acaf3697f07e0ebcfa57325960966ec35123693a71038eff22bc538f44a263b20becf30bef0cf86f148114899fe764e6f8c1d975c8fefe2fbfa57fe595fe3ed3caba729fb77c51f9de965da7d103ef631ffa23212e919d7531c2bf761aef37cfb9cc5f5504ea76999cf5ffed0782df305f367fc21cc612f517eba6b87d35913a97f8c8acdc4938b961c69b9ffd6b641c170842bbbaafcd9efdf66855dcea76f0ab4b14a8971b9dbd9828112d4284ab66b8d942232d5babeed94e97196bc04d3945871a05c62c465681035ff1894d7c65c816b147fc383f08032dfac75848e6bd5f47faca368d0cee40c74c7b6d4f18cca308ef9d25cd1b0712fa0d9922e72bdf6eeba567b76d1d4847f48a9076e7d4edb95bfd81cba5ebb524b3a4c9adc6dabb9530041ff685ec25d27893069e121cdfef2bfded16c92ffd936c5146169704f63222ae65e55d1c375ea397bb5f6f6c3376dc2e3fe17adade6024d405fc3e11dee5683a6b59a085c550d7e4a000020004944415404d17c8fcc11a57659480e1a2eb95da2f7b42497fed177d6d12cc624bd7178023ebf6704f3cc8cd09d206beafe559e664529f87f610a772f1d27ab81ec18cf357f519b825eafdd96adb736a5eaec74d33b866a3301b4fdf4be2ba21d494f50e95d581c14cb9ca06e616987f434bff442f0f1ba3fbbd0cd26248d26d123f97017c93243e00c1e6af3b87b4f73bf84d4306dd1e7a0aff13908459f717c9708c19601a00acb23e6919d34281c92bbc55ecd8e789ff43adde074fffb42db7c8ba19a70fe6e980badd3c2b53767e53d821511b54117ac03e978ce83bdfb4545a2f8918708f7beb0713a3878762cb4481f7fae8fd7855e007e14b414fc4e0271facc032d088e80240b6c2c57010ac95ac5b0500a0932df25171fbd75bcdd049b122c5dff960af094a9f1d04673499ca6a036f51f588434f1a7de833587c2f00d6d14cbdcb2ed152e58678047a598b23ddd65aaa40613e93b1d39638ebc06003fd7128cc70543ff0ed291d944032f41ff2808eace6e80f6ae1f3ed5dcac7247934a3a50f567aa4bdd2ffefdf3ada1106a3d191a947573a029ddf4ed87ad272a7e62dc1e2d18b4fa0966373bfb7a1b6fb662c7ccf01744e24d3d58991e2202692d4cc3a377bf60e959d63049845e2fff328d955a580010ba3aa9fb730025f61d23bdaf6faa8fb5280b81323097f587e4ce8bb06392250e1cd0b45dd2b7bef956c32b0b33dfd3ff36e60dcf851949736437f074b4ef693b776b427dab21dc15abb589000d8e78d20659153022a97330e640fbd4b0704b3aa03f212c0a7fd7b240fbda51ef1d6c942c20cdd523f7bc60c1191f7752d813adca7cf4354567699dc6987927fa230cc2df38f9bc65c6e666f2ce65eecbede8ba79413b7d6d8c7d6168d3d86a772c4452085715cba56b37b036d8193be61e983bc035bc4c07638ffee8c33991bf0aef855f3adab8d32ece5316f266c52402b7c1d2ac64141e0c735778d8afef8da9e43ab7ccda0ad0fc3e51632da795f9cb568d3fb34f9b409ff2bafe0ef199f9598033ae26fcbf2b8423fc8d4ff97cb50f3d576d0e562995ced7826bdefedef6ae2224ae09f653448939483883803d5ebe61dc7e58a31c73d4afe32ced9b6ab51f4a90b85aeedc2f7ef5fce6d35246bff80f56375ff8ea0556054d465ada00da8fa46cbd2e85122d9d92ee5bbefb88e5cafb38e0296a3a682877a1ea4368779a30765f73959e33ec300d1ac63dc813b3f51cf256536bcf717643f6eaa2052709d638bb2f5615daddcaf37b4c0b70b988457ad6c3fa1dd640daac52210afd906948e289db3c035fcc1121c7906d9fc822b8c654fc54e573828a1036a8a527bd540128fcccab14ec7a5da0fcba34c6bd1a13014376e19da9662a0039dda820c246bd30e7f02c721f0126cad597cb0df3b0fa84784141df0475d329903a69710148e2822fa6605fea971b0c2f012f5a9033785e4045b3891a05e7e8a1b689ac6d53df3dde143d60042f875daaf4afe9b93b20f372ab765b7e6f0f79d1797fc8a0f9bbbbc2e79e9f7d53d89ee6e3f145d61320febd8377fc89164d2e3cd937a7cad48bb48dcfb73104bab9160d332f5db1a0c441ba7a7a829775aa5485c14b43f57c9fa29d0f65f9fcaee1b9c56a4a0429a6f51265cd4cb480f8a0eecbe2a2a9173c55dc0f41b0f9a35d107504465e7346621f876b8cbd3117200dbce14228d22d6aae1d7ac66739bf0d79f7be665bc0d785c290f1d93b45dec8f74d80d86d17ecf35cae71308e9a727e96f363794f9d83bb8154cd13649161e1d3948b80f45b5a0780292e8874a4b7f7f701433cc84e2b50f8920c8b4fc90ae71acab429e3f658d989166b48f7a08e63991afbfb31d136ee4cf9cf87a9921a6d9819244647352bae5b1427ee8b6b955e45871de1b5078dcacbb7dbe6d0e729d83d5b69806ceae12ce35b6cf5a6bf3180a6bacf0f8646c73892ef676a1056b9a624eeb44dbac6278024d589a292276c676bf5041688e39b395466c0056a0f7888340ff249092cb2ab082637128b0e69489e74d03c6446480f4bcb9bcc83b4e5d46e23d0155f643bf4a679f4aeb5cdaedc658e9685df5320eab3bf7e6eaea6d3f634aa1afcbedc1f9485a34d4e578adf5255f0205597a894fc71a5811537ce908514c133cf7098ee9e196fc3cf1a4299ceee321e66aea6b7ce1ae610668c6300a00e51d3a1932400f3a6e99db92309de9a8b2bbfec50b9a2cebb729925db3fa1cd7b6f11389336e7018c7e6a531f2c6c5e87d0248e37bd726b5efa7b44bee9c0583e9768f70af10e4286f447cef196a1890d92461d9f65ee35a57bd26a322d9c41f702c2987c7a8b37a09d8d01707edff29c00747dd875a1ccfe8d73543188f595861645babd81155bc1f71e68752d29bacba2d0eb08311f6b5f20c727056dd7631785015c31e87044fe23280df1fd6cce1d34fbd785b9ef2811bdf1f9651dd78dcf5d3e377ed757840a258780b7dd3bce61be6ff173eb6f2a9617e6de3ef3542cf4987cc5772ab7fe73bf716e0829102b494f0698a932c65dca460177a90af992cfc90320a19a921c127778e151e4b3b5f210701dc52b28016fabd6e360611eb876a0dcabfcfdeca31bac9295efef903b84e648dc9f83961768d869e3677f121bd71e6d09123c17c1e2f695599d4909ef1ce6e2985552d5485f7bb7b957d17e1810b1454e2b1de9e8e4941835bd3c65de57fff219c9a7a8f366c9018f66bdc4f6194b8df579a137d494c48a282cf79968663b5cf212dbc47f3e4f8d99d861f71639ee1f52dfd834e27df2f52c6c7e4dddf5be2090c7e4982a3383edb5fc200a0a3823384e532d3dd22cbd3cc146fcb44e243ef63f8641553e2f9b645d72b5f77053d6a8c1fd8276e20ba3c3a0be08f2b99dfb6686b5cff2fb5a11887694a0339cbf47788302a8680454b79131b1e9b5adcddd4a2f8a5b6cc5e718255d23cabfbb59dc190fef6ed331b8c4c6143c81b3cab5ba1c41e22e27f6b7b37de97a87d1d2663f8d0fab8b9ce7d47f7a109cb99cd449b415ef0b3ecc2a32e00e8065dc1bc1c8e911c68370204594ee89a9dc37f2481ae57bef2a5d51ae952868a2fb244d6337d81b5fb9f0cc1842d1ae8727b2c552aef579c9b4f2e7f8bc96b9edddd7c7e2f7297c10deae7c16e631fabd5dc0eccf2288423bba7a3ae38f82678013da0ffc79f649062f1437c0106c3956ae52842359651c5853f0bdf32c9b691c2210fe056d00fbe5dfbda8b940bd350ea32198d1a6bc4d7e60c2183fb6bcf57673bbda8da66db98875bcdfdc2aab1d57eea4c9939acf7ce59ce642b9de5e535d06bd3b264b085c26d70bb132328a38a8c1f8eb3fb937253cb856afdf68ad9a0ee7d8f6e71c6573f40fd3a0d17efd40ed5e2070bb58fd06005534b94795c5b15e6e87cb241d3027d9d66a9934bb04b8c9377cda798b25357c13480071afba38ed6c96ad3adaba399da49ffd1cd6f4ccb40099d0a72411914468cf101a0d9d0011928c3418cccd83722ae0ac39d373cbd144584ac2af51de33259cdd92e694a6452fd6ad4a4bf300da30edc6c81634ba8ed61328679fc33461f10f50367c50c087fb67d32efef4e92accaf0ba0e96c5918832049b59bcc2a310620ce39a7a838e42d25d67fe76bf758cf5caf28ec0b8aa40c06281b632147cdcbcf6ec716b4d5fcfe11b407b4522b7e19a70ca00f2c8addc9a6c9f4e8e8a7ba27e5dc4b0b2fc56fd3e2a273e22b027b34a1012d31b27fd4c800b79e96ddd104f37500007db117c9b534589042def5dee626c56770eb79ec63d818c6d21ecb33a3d5c0b35d03edf159e42b7b4e10b0c50565abb03bb79d39746d34f264efb33e0077f8399e1b7eef007f8fb663b9990c207b0a40078c332dd2eb642a22b48dd70f513c2cb99c16aabdc3a54a273d61959ab3e96589c7d8566fe326a49607728d120b4b2e55b947545bd115b6c356ac1215e48ffe9e9a2611fb59a2802207aeddd3d58ffe19958fe3aea300668e028a73542792e6538914d29ec1b9776cb3e969ca7f56c74d8de96ab962fd35c04e362b40f15ab4f428dbc0041e72bceabbea78f640a9375b3dd17e6f42de9afc9987d795dd706ffcf6a3162dc554c5bf78e5174fb7c2151a9024c570af69e0a4cadd7bf3339613b8faea932dada5f8b8439f8d44a2947b482a98b5e1cb7423330389495494ee79e9704937ce8880a6e307a92c9ecec267dbb7ee3467fe04e5e65aef0e0393d637dcf1b9c5b9ea6b358199caa273101f43038a0c57b4a5c070033e447f7e59b4eae427cb65a165a60c1e4c2c051f9c8ed4a5772ee6db36a5ff383827cab66e89a137f20f8350ea6841f91e76af219aa7037e1fc47da6fc3d6dcb23998434b0329f79785e7f5cccfb194aab9b64c2bf5b8dc8f43f257ea4b3d8fb72e158be7d58f0e97dd3a0fb82229acf5127b6b16670c424a62ff0728bccf7efc0dfda195a8171b205cced949fdd1121912782c6ebcf1f2698a35d1b958242c74ca4013f71febccc995b2201fc9d0f229d07deccb55abf2ed3c36953deb327543a6eb121a0db29ebdfdfb5fe7efe3e63ac2bb2bf9c2fc87c58997bb29073bc5e2e2fd638e55a67c9fa3a4eb132df3d650837047274a941e3235a26d370cd7635972f99ae8f3483bbedba27949534bfd336011aec914575e7f54fd9ae306947706d2a2dcc628300f71a106f23c50e8dfb3a65564d3de84953b2e800eafd3a2eb8eaa4e68fffc32d9d25d103e8b4f3edeb4a6743ab46623da9edab685074a92a5e706b904a0290b2853992c4fa3ce4f249b48f1f29fd6ea306b34725bd3ba4092f931f386d149b0841850f25cb80370766098d451ea05cd9762f5170e89485668e90ff3c4bd2a67ba4e5f08c12bed9b0f51265951c2c7f33991db74bfb468af20f3020336595dc1dfc6ebb84877dd3fc9ec5c0f085eea6a96b0a68bc69cdb7474f5b18f0a3c6f383965900d3d6767bc7d6c84954424b5bb06cb6754c1b64ae54d5c9f652bc1fddb1284b25a7b353acc1338256d629a98e0bdb56701ec1b0f78adfe7714710ef922550a998b229a38372d9d48530055a060e3d1bfe210d6a8118bdfbde49735ef3f846f57679c478b3ecd6e2568c06f53e01435aadea776884b02ac1aafe3be7f7f27731f8258f55d59a6c7b36e85a196f710e9a7da54bb326e8201db4bd017afa18f318ca98c610f47e6f7b4ed0983be03d847f3a3edc1e0f460dbb08d47c4ec7efdce3cd28845cb00d282ae1bd7c5e4be0d4e91e69d013627de1e9eb245a3c5cce8ef468aa2d03254bf246b53a4699a3d7321aecc9672e0a5b5a7538d4f8aa8d17c442b7a4fc11f3a011d8edd73d2597c5db7273ec36bff7647d4eaccefaac77dc5eb4ae50a3253d9ba0251a3b1dee927f593c29cb114fc29dd42108837ee137ceb33a8eddbbdeb518dd1ab9404e534c8f066f344fea1f06d031258ed4a56ffc97db0d248e911981a989bb036984ffe5229915a4ad01862f084051ebd34689eacba001627a12bc22650ea0a7b93e3d0cd2b1cf2a66a6cd685fe085a75eb68c104cca8bae4dbb83136c046c9e513b407cd249336e7d917cf6833f7f407eca132ce8f8436d764a5938b98d301bbe297a4ca369721e4704e7629af518a51f282b262537c8406dbf8ea171a657cc6c9cb7caea6b1f6561072d656056f49d6dee9a0b6e06bed707cccfb1aa98a423e0ed0a0aee95609b40b9f7106dc8c79e60cea7a29ba3eb42c685517469f4b5ba61f8da1f63d214f70a70d3a60fcfe7e2a37134cdc8a3e8cc4336638f533f0f023b5ded79bca563de222b8bdc559f4bbf139fa1245041ca0e19f8ae1f517a13029c6ca23e20254e4ca328df91d228414f67c4ae70489a336d2b6f10102018a30b29b146026b9beb21e0533e73b045db24bb4097e07df79d45e2b86ccebc7153206ea4fd00600e6394ccbb43e76c3f968cbf8fcdbd2b2b8575dac6f97d1fbf9dd213f4c35c49feae76ae0bbb70ff3e6843a387942840808d7ce5e45e1a67090dcf6b5f4c7a3a933ef7a6d2dc58f3272adb8333b0a209f4f18c75ca28ba4b0a220a9cc5cda424b2d72680ca06cbf015ae94fbd5a1f0917bd7da35a4f691a9c60ee3b64f6a89d82b39427e660eeeb7483ef1144f4ba04c6be4ebb5bd150531c4e770f12e5386c812f1b71fb85dd708b7bc0f7ea165984703e897a5c6a783b4ba0fecdfb1ea9b70857af99249910ed8216dda78b64c00fcb99b5e7ddb2457026835319286e40dcc7918ee0ffc40adc4513a9f762758a71d0d4e5094131fb76d654367299995b3558de8cf825064223c74e7f3e6774aa6433ad8799a8a3940188d9f343bc6e5e623ed35e907411f903ffd8fb7346fd02b9845e18c93196e0080a39477edd3afc9cc6c8ceed7470dd5df327ee7548dcfcbd7f7179a8360fa5a2989568833ec9095232d912c15b4097a6bbc20edd9856c471b8a0bcb003314c5c4f7ea8da91308ea5de7233270e82f70a75fbe378b00014a432cf24393e6983b99f50414411d4af98f31df6f1113fa7dbc290137caad01af758a6d740ff88dd4cf63c50f2bce38da8684703b4ae94cf0c923ead2674d6ec2dcc6bbbbb065912d5529b03769773ee4f90487d8516883aa56930695debd0fcc7dadd14036f00897998527e09dad85ef311cf270b76de1dda4f1e77b47cddea66708adfb0a45df92b3eb6ca86d3f6d9fbf98fbeeefe3a0589e1de6d38695efd7b1fe8240728161b4c90fea834e142a51592856595ff9c9630723d8a1fe2ffebf3b9a6b9522779cd63e23a221dbea6b961bdf2038c1222afd7ea08c2edb2d5ca04a574c0e2af7d8783a15e0ed53906fb3554913e33a4c5613d75a23317dceb5f0da994a396e3bd18db320e023ba86381c41efa95226c89727be8645bb488527d42250064efa1ea07f9536619eb7285513262a262a1c2541c3bff899cf8fff346e635b223f2cfaaa85454109037c563b43e3d426e5cef50d26e89a2fa5dce57602e4332682892221cb011f21b9cc474bab89fa0af5f04896edeafac4763210930342a6031745d33cace64694d1b2cb34c125f63ec4710fc1686bfae9af9c9d9f8dcfe944696af39b1bd5a8e46555049163585e50009e76056f99df19ccc136828d3334d777b48e9e5650167c66e28e3916a8ecf7360162f3d36b4614cef567c31c472d186c22e5a70222045f398f7cd074db418d38fa2ce3bbbae6d85914711cd15a304274f5af0270ae39da29597bccf40084982fa2ec98713bde2602de7ad43a82c440b5b16db2da264b3c78bce5bc5e278d0817494ab9cbaa02eaa7fe91b143b374ef5c96864a07b1f1d62f9c6219d7d4fd2dcacf0c060698d2a6c89defeeea33de5a1ac0afec8a411a63df42e95856998611a85d690098d91a6ec1318759f519c50af85139c85abae93b8f2897f6cda419065e2b94efcd417c6eca01ce5617ca3cf311958d3caefdf1b369c9510909f3ee7cebefd2771b05d6b15fe373baf3dce3d11eeffb9a725e8eca505e3ad6dbbc55d6e8173f5d3ee3654e79c391b9c20a62615eb88260e79e074959385b452871476fefd1ccdca457562f0febb8a9edb2e4133e42ae0a8fa1816f646600f06022f386227bae8a654801fe73098fe71e7fc5b2cdde55952bf370a469fc041393d69eacbf22beec770f34f6a798f1a44ecf1a3c880f034ed7a2224803b89236729bcce77354b2485188032d0de277cb9dc08249c5114922e0a8a735a38c731bcc825c0d18a76cae76e9fd827a7710e0435ad1c8dd8e227ee5eb7b739bf5272601dc024cd22eb6bcb5de4ed92e3f0ead4c917a69f2d38548b1abbe749a813a811e3e47c0e05eb9e57bda242017b014c60e80d601ea3c49ce3b5d686a39aa5feeda614a6797bc483a0cedda6598a6fec261fe06b4a3f2e8c4e4c7af986b557ab8951c1c3b26afcfb60b90f05e0eb0654130a62c388c49f3b386be7b8f6e05e40bc1d2553c969dd80f12083d2b57556a7035bcf479afbad5e16f2733a86584f1560d4960065759079c6960a42c9e95e72c31175c02e76e409116b61b5475da7739783bcf1644c9106864c62ecacdc2fc3eaa545437b23b54550b5f9708fb108d31826861e3fc2606ccba8692647260e9de186b0112ef4e37771dcd7d86f1a79336ce2fe3f79edf8bb51b35eb699d8a25b6ab82cdd2ffc2380b1cf440bba309dbc4fbdce514c1f8ae4168f45d8445b36e974759ceae74a4db77c755845d582fa63c640521c2181d0511e2b80aba7d59ba14e7daf3af58667e6836a3a6ff8c354f543730f080e2b9468aa11fd64c497421a645b6d75cf9922988c16586fbf0bb7f7cafb93248eba3a683781adb5c8195c4b7266917292c363c0da486b21bb8a796e2b7a68f0c6e115a4e907ab75a3defdd4d02e6e20a39ccd29cc7a9c5f260a9775169d0528f9ccfe689ca6756e08d03c6ff8d7f7e79f185e2d37dfcbef50adebd621decf0ad7c4179863406f103421ea8ce51ec5640151c07fe437a4bd335ea186d737ec4dc54ba8b83bfd5f292ea4f5937a6c62ffdf66a05225fb2fec1f4d1785c3d3736eb650886a1d5b879d8c289343669d6be69009f63169184ceb6ed2f2b2d6abc526f0a480c11576381b1bd4436578be6ecd73be3faf746ea74f417400146beeb9bac7e0d5418a2fdb4bc6f2c2ce1f5a17c6d0f59ff92fe76f0d1d48cda18f770602af7ebbfc7907174b4a0f07ec5cc6f0767bf11a09b2da6a30a8b8c079a0aa59db7db13a38f9b85c33e6d743b4c403bde4a656f173823800a388b2e766f69bb98b96cf499f5e93c2ade3c752fc01df1b002da9d12f70040363f3c4d8fa3886adeb1be3bbd8295729be03aba5de0fc9a78f700f826be772264721ff82be57bbbb0f7a2289405c0e264f5e5f6cca8705521c814b9fea091835f1fe8d3aca723edc8ae620bb9f61050b4a13d406bf5c66f3da4dd8d5e109fb795a7d1bde15d0cf3f0bbf311eeef00595c1551a3efad1b4f37edd3c781d9de235c1f5d4dd125e3f3510655dc2ba296e6883e2ecbe457c69fdc5ae42d3fa5df1285485b9ba1981901e7c754418ccb814ca71dca26bbf796354a5c78d7ac7d36a986e710a24fab0707bb3fcd93db70b1fcc4eca5f9bd3fbddf0293cc0b490c7ba550da3e9bd2cee19964ed1935cd8d469cce32c6743f009bce9d8b97259f33f50ca6488820f4baa761129d18a7ea1e289c8cfd0e8178ff2800cd42f78731910faa10e02d1599c000c728eb027fca757f7ebf3134413c2b6794564ac23e6e0b37b12814b9444145f2fcc8456441513c415e2012e9977e7baafc3d5410b63e63ebe7ab83b2f2efab4210b3952622a79d7f7c192f555b74642b3bfd966f9c35da16a768e6eb95b84e400121f0869a92942e6a4380b998847101f73490b270a22611a8194dca8ea693cf891915c64ac3ec99acc5c6c5393063f903e6888095592cb93b9d9fdbd1e87a3e3d67e308d45153e998b97161d90c77c7dd1104c662e91c82b4989dcc0331045a99f68658de9fb9a7d7c8892b95cf6a578f97e9b8a3f9eed7ee5591d3b602ce8c9b7369cdf829b50668cdd4085de39a6df2573ff5f07a6b7a93dc6d6d2976140a054875cf13e4cf3c22c7382cab480be5c13bd71a6d7997687194b97540cef48dae0fe686fe3517ca374a75191b4d90a34e30135ff94ad50cb4cdc2d2dd09a25afb4acb7269d786b9c6c21c7a4f1a360ca6ec39f5076f2c1dec19a500f603a8dc2b35196ae41f9ddd9c2241c13abb4d6961bbd4918d0acfbe508814b5f71d62f9181f6521e57cd7b790fa82bdc3cbc3aca9b8e6f2ef801d41df2fa85a30d540ec6f75245abef9ca96e65009462a51691d817b76a7b231e02b32c368fb49a243ba55da3dfcda5f3babb8b7b0be7ea46c21fafe4c24300857c247c2ac47ef5d67d77fe137cfd7167f5e5892389f7b721efde8d9ad85ee8d2441c0536480307eea15bef90777d94e2b289917a802b8d08fcae0de5100fafbf2f3fda37f73ad3de0fd3defa9bde87aeb2a4739ed49aa2424d7ef0d05052fd5964babce3b4e526457f37d054e8858a6639f9a96a8dc5892c47765e1d3a71e5cd76c90e9c560b8f777b44f20b97fa74beabbbf9bc218407ff73bef357496e27501e844c1b468c9cd4693b6dd513a1a668ab03391547ec1e4947f3e2860c0cfc702c5f443c215d3cc78ae35b78dbc4103eafb53d334a6236ad97d8dbbffb7037fa908f385061073afbe29e763c80bd4e9da7d6aa235cdab48ed81e16c9fb40cee03630acf7050b2f7c89fa7a903c9ba5b0ef5dfd5be0f7477cdc8ef956e23b35b4c76de654b2d2714fed84a7a638e7c3bd0b540a92a4f6927d6a757f9ea7c0e03dff8ffb7f7e6d17b56d77def2b3148cc200412a3c48c98118398099327ece2c4899d1427edbd4ddbd5a4edbd7fb56bddfbcf5dab77581d57a7b44dddc6199dd8899338066383b199070102819841cc987992008b49f7fbd9e7ecf3ece7795f61bd065ec0de0ffe59bfdffb3ec379be679f7df6bcb5389ed2bfd1218813711fd9f23ea1ca7e3025249c6e32e658bc3c8e9bbba5753d21868800e065581ba3702c7cf18b96908268eae037bb574cee66450b584c6d0dcb6c1bd8048c4ce20bf8f10e38fb684e411a30490f6b89d1d5b3d86070081e71fcbe967de6b48dc970f5ca874ad952c65869b3b78983ad7e50a7cf91d98e764e913e58f0689fcea07db324120427d9315a73d8d889c4e2c0fefd1d85c4b2c9479f4c8f450c37e83aff3ec6661271f4c2d8e3e66d9b4c1d6da15e23c0f0c9644af7d50f9e5d7c7fc9e42ca1bd51b428d4458d948b540e99fa3e4b9547b0b8f6499db7786bb30e9446d7d4f2dea04ded790b8ba35b4ef48fac557d203a4ac562fcbc3a3c840d1b073ed70c0f36052c0a48ca349958a95c906bbe7fb7d107a50b8ed3c64c3ec0b30ad73c517371c29987da3af64d072d7f7834060d9727836f47990988d363f13f23095a151f8c4993b573c219c536c30dd90d96ca74d035429ca387ed687643e254f99d03cf2b7f4354381e2f95238f2a6bd88cf99bac310807b5649d924b3efdcb27d49d29caa13811b7b4fbd0d4d6bdb2ebe460a4083d595d7c8741fec7afbda99def69233a7640dbfd6abd0657bb8c607c610562e9914c25c6263df9721830b3e1f7116067fc51a21d0bd10b17f879486e841296529de3840cfed8c0b0b53d2f8991b6f02c5c3bb3a9865dfcb6bfb733611fb39fdf7b87c0707ac432c0636cc1e97b98e891dacca9a7428c279b2d92b3af457f775fe0dc722779e1098de333e28cff5a1bb825dc84d2a8446aeca9a0fff37f7585398c2949dbd71ad4355e0bce1854f5dc3b23684b7820b1f13db48bca5ab2064752731f367f854ba9435b6b6fee02b3725c61c0d0e905620ec4ef7f43e1aa4fa1bd6910941bc0864a4d083a01edb10407a1a20234773ff8f66d56b321b602eb693895f1bdadbe88e7fed25195393bfb8261bd69596ea631183d631628112e872ac2e52ce53078830d6706ac5dcc2f249c79d954ae9d446d4e073d935dd8e07d33889276a4b9280c4d5a2f2ecec6ae130000200049444154acf4cc1f752cac5d3679a232ce545b3c18306633ea745b089c361ecc198c9c77a6b01bf483e65c8ecea7e0a611cc1d97fde5ad5691138dec0baad289f0e76f4fdec79ba2658ba9af070c1721f1531210b6906580b865bf5f39a5087c0bcdec56ccba98530a0dcdb177b846c964c72913f114f91b10484bbc7de1736835934c9bbd4495ebc4ed2930cd84d1d495ac410cddd47ad853526e37415d4c72ac4770ff1d8f2968fc369bf873246933001ecaa0965b2fb91222f78608c7e3594f534e7b89e0900d59bbcc9127c63e834de632f5011bd4115285c9264252be4271b17729cac4cd1e103e87994fb4508d65b1905c72650a2203aa9c6392d383fbb80ad72b36e4d7d4e91c635436575d9ce858385323834db15e5dabb1dfa7d84e88cf9be6364ab15f78aa1c6562027b49cdc299bbf5d6c54eeadfda2f4152ef6cfdf5b9434c1aa91848ed3ec3053571bb403ad49c1eaeb9a1f12f913f774a0df4b144a9ccaf673c30344298d07c5e78f6154ba12ea174c5160beed009eff849d1250e693cea0cdd2473ebdc53df99b0a8607bf5f76fef3290d84c22d2e2f7cd81de8ed8bc7f2c66372679b787746f3f34519959835e9c1244a89f7eadcc71d42ff7a80cb349eb7f6801a5c6c8c8d28aa9abfeb01ce56eda30cca2f050a6d1def594b30f9229686998a99285bb4adaa26d86b5ecaef7e03c504cb8cf9c3b2ae2198b65d77d44b6f64d31659bb7b811f59e3c4ebf8dc6861a40c07ed2c63ec9c71185088680b0f5a3dfbda284018b26181735c7d7c8b977baea6c1c26e7210734c5261d7286edb327658ac594068ddc7addfd469f088574eaf1d0c9c7350f9c6371e975a046877a3e9a217c66279594286fce0863bd7bffac50fb8ef20fe04ce4349ccc8cf558f151b221b98f9719add46ba69349478f41d3ac75f9c9fb5b18cb010adce6c7a7011307cc18674439366a412e0961491b25813c625e6462a4897f8641130e06e1132685b44232016a7929af37a7a75af8b3485cc10c5224e532550be4903c5f8ea13209eadca2a4017640006f130caa756173de98043b20b0f2167541f0bb13962355174a93061c8da0b235228e9f45c61f19a10daacc7cdb7a6c877544cbbfa8fdd416b84f9acb8a564360b88ccadf04e8d39ee70939d32c8e362e862ae54426dbeed2c4dac07406efed18fac7bd71572c20feadb5c1626f3d66c501260990695a6ce385809b8435c6244bd946a46598cc5af90db8578189fa1d929cc59c3f77e1495502c45ebdd00aa57f5f61693e776d037029bfcec5443b7f9d67afed406bb47b156542b2d3062dfe982a3f491b310c864c4b7fb33660ce87c9314a6c2dfe12048fb794cbc082dc5112d7290af1228182f87f363134c9171589e3198f8530108383daa18fc09890c1533f796435617402121b96f5a564c311fdbb14ff090948872a12ab848f81d060abd533d0866d4a82763434d9f0b75fddc863fc6e1d939fa0a938ddf468c1e9c2692260da6ce283cf5e97860456846f42558c0c86bdfac687ccb63f4faded7028f60fd525973f8168a063c4dbced61c592d0d49cee7898112becb41f12d6aff5cf8db6735f39ff303cc1f472902e720d10a523a163bb42f246d680c930b617da52445c5599f53ba94888d835587fac4e7d4d35291475e9a72eed66d55d8bbdc4c61b809c7582d8e4b25017ff9b7cfae0f2ad022c5d0c984e889f3fff649ad936da9afd14dbe87ac509b785f2b614a9ce20ee66844ca435a62d742d2a21a9d8bf70cf00dd9bd9f7f7a9d85a8dc2ec081df3aafe805892124430827235ed7e7647a21c2a3481603c615186523086782fe5d9050860cadac91ca34c342e9edf28108ede981c81ac31f308b28cdf608751363c14a8d4dea04622787efd826520c4e1bd7c962d2572ab313fc4a07f66e3936e65f17be93459f3ceca57befe18fb0f719be4bfd12b312b6b815671c6a0e5d5447a4e0172ad3e986391eff0a812f523406bddd4a61ad754502ac0c01470d75613e277a2bea79174647012deaefdea36a865b8a01352653e7216ea843b38ecf0f9b3c9a1dbe114c64afc9ffd18bd30612bf1f745331f0778ab6629822f5d20fb4c6a0323f893113c544e12eb2c590acf91d668203f351496a0f2a598b7208ae46c7688b3837444561d6a350599190633821b5229e1fbd42c71cd10826266ca467492b5da08d0f297e0fd96069d6dbf5ceebb800c91d64e7a135b4b65df5bd7b42c3a698ee40f888c24ea31f67b2619dc4f71bae0bd33eebc55198b037d7a64f10c2e79503114d604cd3d6db1413054c1013a71f2f4a3323b28577a47ecdb172de2d970f8d0a9df092679544f598e6e3bacbef2aa56307420426ab5ffcf59315dd01f3ed780db583e8950aaecc3fdf50631aed89f0e02b642a7b45e1c1a77fe60809190b4ddba54dd6cd57de274d705b135c5de363dd609e9b748c31686c9f382d4a107dd90d20461827dd2bbef13fae92f94345fb2d2dbb63ceec209416e57c08a254912adb190ea3f2de1b6dd111b8edcc19dbf74ad991496620fcc427190904233d0bf856854bd1dae8027535a09c298c81f03b8f03edbd980815093432b531490a29bb128cc7ff46363f3cbf31a9ca4cc7cc05ddaaed8652370397eea2fa571e1d5290c3b93e0ea44f5a5a61cbda43133c5e59cdee629f1fa0b0202a6b1101431862d42a5c6eeabd535c58ae71f846110894bbc70dc8c70641a2f2111b7ace05475bb20044869d9012b016f35caf1d2e5aff9cb9a30221660b1c59b453b38ee41a0f0201d208a174c51cd06464fb1da9f00c113e355f7072b913b2813f81a1f436267d8fcd112666876e6f52f140fb6a8c243267bfb7cf19d2737574627a63b3394c0d22d02e791f4a1bc0988964c2fb6f99b3ba16661b6d9c3e3fc6f81d7786a6fbe30fda7ea761e9d5924a7f9bc2c8302f315134cb38f5bcc34d8bf9da7fbdc2ea5593e9f69bfffc538a471f964e2dd136bddadc15c0e1e6ed1b5585caceda5498e850bb70734d2f8b374aec752d443a6db6d8a174adb5fd8a12972833bb24d4b06f9388a68d59556cc7fbca3ca2e41ffc1398b208f78477707fa4e897a4e9c3684915c7acb8836cdad4cbe07be6096107f307c224f57cd0ecad9c841e581a66e89c9a728ec081264bc7162a6f1ead1a395ffb2f3f94bfe49ad1afff93734c50c56ff423f924d8144931773f1d253336758c31684efceabfbb6cf48ffecfcfd61d5b21403225c02cf0aae3e4c086b395768ed314c6e28485eac16ec38b46c2e37e5dcc725cb6fc3ed7a23c309ebbd7dd89600b4dce355201799997e4f95ca4ec40aa4a71b06829ff677c66b07c49a0217691424d56d03e107b03213247ffb0322dbbc2a54d5f982c9a287d07341b03ae4cdff008843590ef1b5e91e9b773c2f3c01115ea3269345f5462cffcd6e86038958549b3a1127e76a3d511586b4c81dddd8632900a7a12ca04097e28cd15484a6204b6b3454ab6c07647f405734e0826662cb21a634249730e056c8a745b32478f501caacd8fde95ec3a4ada22c99e269b220c1a3306cfbce0cb27573f45473f3b29d9005307dd757c1368aa71985f1f3bff2275599351fdb0f153b18ca5bccf81bb29bdf7395b8405338d326c624da3b2c116f48a6db24466ec2bba24a6b67c31b2e815625c3915539565fae90fd6886f5e7116fb0c993a2ba5fc01e3d8411bd7c147606a8c6795abc95a2379826ff692ca8eff8875fa7d6931e0c626c4f8d038b73bc84b36f893b5b18801953478deab4f57456265819542f2f5d5fad8048c0c9a804f3bbf7ee6b76f0cdc1f576f3efc7eb8491581a668096c40fd4dbb1b3b5a0191399493384831c8983d08b7a3812b8e58e29349ddc77f85fd9df46fe899c617a76973239108ed6df9a9078c5ed546b05edf93ac472f56982c0941fe0ef01a4c54ef90faacb1c1a091f2cd61aff132d7082e17ffd98d8a555f660e6ee6eb409979dd0f41eda3ef2a706253c744068d2dee69c51216c94d5068a25878141559bfae345ba4aee95e249e485a06ac6d1468bf8ba421d21f17efed15e84ad036bb4eb11b75b1cabc10a12e6b64b746da1d96c964b6b996c8128895385532b0b0853399677df6984dbe14a546ff4c8d1d4923b7b5664456175d95921a9382f9ba446d2f1bd4f1a1345389d03dec3d9a0e0cbc31ed30c2e8a16dd2737d764f7aaa921cc1f160c266738398ee2f288a665344e9923445fb398f56eff7a9080be9c9d6cfd1524cebfb83de60831a9a6f2a0c765b67cc7c4682084c191356715e6eb4f9bee6529a6b3ed962728752d47083e0fb1d25112e6eedcfc83a5d64cd71a947bee2ac653295ac920a4906e296b2d5de698baca311e668aed5e0b8f5fab5b6487ae122368d6516608e9490243517a7d86a858f5a213065df396e14b021e3f1e2afaf3427254ca0eb7359b41d3f9c56f884ce1adc0bc125a68843b3304a6ac858b3de964559ee32dcb40defbace6886bceca8a566d3a43c2535226235c88ea454bb58cc83d0d425da603eadda33774b4247ca2321c63548981952fca4d2b53ba964ef82ddb7b7772656bd2d1134193d080d0747a6d5d7b181777d0fede44a471337f409efd9331dc6b511ce9db4761c7f981f5117988bbaa338f1caf0e6181f4293f08ed9c48a9743753b6ae405c2ced98a6c59abeef3088f68f89892304dd9336a8d0c343b785da92fa4f9b61657e5c04446e2de0377fec8a4f2c7c57869d50743e63c5f37687b94d2f8d69f5c6f1bcc3c9962e84ee526277c1fef766cf1c9d3bff47f4d3a01c649c4041d55500551675938bb6a425109d82590a24a5fae721043fa14d5e7646bb63e6162b0a81097fed52ac5ff957c786c9616dfaa17a66d1131a72c2eb7e915b04b703d0d68df516811dd70cf16e3c1e67d871c30dffae3eb4d35c3c1d4f7dc977d1735e88e950f974811a3a3a236fa248ea53557065e84cd4ec57469da893332f5e1228bba813fc708da466437b67b0f55d8a139c525f0eefe738c699199d745744c1079822e41221055e160608bc5985ed5a68a9ab7654d6b45252694ccbcfdd232fc77cc16a6fe69338641e174629ee9b883ca4e634b6286d92851af57c9f942020685c9bdf553c33830b5b8e91923d2738809dd7f59b1d93acb22e5193fc56a99b468e2e9ce33fc1764a5763e8f820e6a2ab65e2a19225444537d89aad0e293b3fa5415f73a4ca9d66495b169236850028070523f1020a8034dd412215a682f14ebf26e30d6dbaea66d53218dd66e14ec62f1d18c940a6be5954befcd3765120477eb1c5d3f6ffa9e33b6fae656a3419f516ef2579400b193ba55af16fdf2bc335567848cc931339daea5d3078ce5d4f30e1b3d43bde2efded1229a5c43630d51861395ba7f1441e43e55fc7b4edd92f8bd447f78d6debe567a75add9cadf6cb4dba4e420c83401a3379bfd8da86939416276c66ef774adb55143f9ac99577403c677e21907299b30561c9c63c10968e1940cd84efc852a7568ddd0ffb85053de1bbeb19b8ab36d292de21139a7716caf562405ddb5a96a58e878ae6d7a575eb24634f6642999abf97c419230668fed156a8cb391da1f8481ae544bae0dda30091f7e5566e23b352e5ecb925c743fe698acd2634e3ec8de7283d624d9aaef764c94a0fd82dffbf7978dfe9e52bdb717f17a7c1f5e4fa469cc07bdca62f522240acf4a6477c7c34a320b8b634dcd263c53ed840e9424d6a93b7567d63d0098c5b1b7d446d23b79339c4238c3c804ba4d01fd7873af52320a9262f1c2f6f75d9c3e4831ae6e9765538e1e51448272c9dac508bf2632ec40444329ba11994d6c91567d91d4d96ef310cfb5310d255a1f2b93aac9c596f86da59d7e562dc66882bbe9c3dfb2389250c9f8a13304040b813cad0410988a495895377255d98cf43ca9f8744bc6b1555095b48ba3cb3a6b978310c7db359f57c8ac615eedee56e555ebfde2e6546f5f16a28eaed942dcea364a22797274b962a83d2d997bc3880847bb40ce1a6f8ccbb8c07937cc2daa9d80e4483174339f68f1edbe78072b938bbfe34e49cddffc836b4d4d2db1c655a36a6fa48b742f9c84274a08a11721f64aa28d70f860d7276e951a1014e242f247b8b84a9b0831e826a418e3a1dae3c8bcfd147ee25d1ebce74939a19eb3858dbdbc84db411b8e92a42a3d9722f330519eb94aa5525f913a4e4d74229f0a03741af7416fb4cd92f54249df3bb4b6da7bc13c6d228a66fa80122f56e8fefdf55a70205a0a730cc214b1c5d46f67c3a1fec9a57f798bd5b218ebd0e3226bc3affb25d2b633e5785a4fb0190830ce90e3db368ad63379d79254e45456fe45434263416bfcacd2ab0f126fe9b48ee120bb112005536bc3ca40c04435e065c7ee5d4da9264a18234618c1fcf5e8da6794c0f790cde1e93287d04ddce7051e497125341e3e4348a2a222e18148cb083f94de3d5d91381c045cfcc17ffcfe0404fb1fbd2b8386d9fee9ef5e39fafbffecd3dd4024c5224dd359a27f145503c96b9bed4bb6d23ae5bb237de15c84604f500a37198bd7ca638a57b42457b0bb940a7a642c9ea2e48be7443084fa1595a43bb0216103876078e9ce33ddd86f99ba2aa94e7afb26895422f3bf7bc58f265c1889ad08f9c5c9d7ecace133bfdc3b4ad8b9ceb07d030812668f682bd265f99483f7854953e796b6f35e7776b2e3d00652af2c4486a4896d8d63a1349bc38fdb6f12343ff133243ac2911e95979c39e588ced8312d62684e6234bcb7ec7ddeedbd3cd4e40b6b3c70b9c22763cd087b86deff492d90bb1506ba4285bba2d4cdefa88cd024b58109efa3f6022631bcf43788715fafe4052bf28f066176d5e1abc60f143628bcd8f83d046b85b26689c3c7dc825a4ba62aa16d65939e6b3e1a5a2f39f33746ad050fa3e067bdae471a2712c9eacf84d9013feceddc8b242e9aeca26a5b2c76d572c627a6e0f58418c677d59d838c5f2442afdee6ccd929818da1c3b9bf21e2d0bf50515ba8f3a639e91dafbae476f999d61acec69c5d30a9ff5655a10d6b68be6b6b230cbc3d752000359391d1458c5e868cfb63652cf365531ebe0b952c11e8e8a30aa37c431b3a3430a4932e6eb90830941b2519cf2b696292dab526d8a16991b3814044595f68fedbca502c8d20a8f7d12fae8f2dffe8933cbbb3242c212d530c0e9b368ee3733fbfbcf12c2adf6d2a7223cef7bb32684e2413f069ed4e8bacbb4729e3882d9210933831bc30de66329316da2e229ba54c135f500701ba092c14a3de4f2f8bbac58e6e9933400811ea071be1198aa5dd56de66b219cbd1c57b5a1ab8a40b9804f306509831b63a750b4b9fa4c0d28ead536fb9af1f4d928b6fde9bfcfe9aed649b7241237867ea13ee33b4bb4626ee04de2e9bc0a47d8c3d5929303888130c281acf6e4e35bb457b978699e3d2556f809b714e3c7ff83b7e84b72d0cee7ad9c289b641f268b1bbbe686d185d748ce1e60b2e6c4e45c28ab539ca9bd3b6e816a9882f8bde624898e3c2f3484ac2b1472853b7f88a7f048fb87bc57984d501b9ea5e31e7bbcd54d6ecd71a13f649c2d30e5034d2f8d1dfecf91e5596831a0f304416b5bd1bd2b89ec3e6590ebfb6c97df6995f5faab08d1ff72bf2658da4604a12200d72b5a79a17a63f949e4b79831bb4f13ca73032dedf9d966326335d8f16e06ba4fff4927ce1daccb38a4c20bf803ac70ca22502f95a19ac19d7869a0991790ed27b99eba29dd469ef4236eb79d1fce8631baed7f2f645cbc6a413b17e587664de9ff652304d0a486d65e9ecf12e65437bca9a89bc531b4ad3c075bd996fd09c30459177e1fd019f971903664f789cfbdfdaf8743bba4031352557a4643acf99db5fc57c476212e3c287e2550c6f540ab8f94d36e3d8a40d3a5e8bb4b0b35e1c9b0d2f4e77810d4aa9a65808bb8c03b641b1cc9cbb68af0556a8a8a4dd6e6541e4a563adde4820e3bc3a52455bb04793f78e1391ef8fd28e13175e3711144079d1989379c48b9668ce0fba66a0d2e25061476421e2d8a0d46453938d4ebaa2e543061c092312dd10bfa159c3a623329f8154dc931acadb77841ace6da4543f8bd74519c2eaa428b4875d99386022697650779a525fa12f6d4c10137f023944e2e25ee58738d2cbbeb96a74a3e2378974680e5d67bec3771e6c3e8675d5686ca1d54d0ed38375642ecdfd46d7c81647c818a1952e47455cb82d8e33c240a95256ecc7c345c803d4995e6a39f51830af596dbc2a9db98486131095b36b4c3b690beff04028a09a22cc8bd4fa92b9ead459a26d1688f9163360bc579c931e95557c37aa73fdfd16ad42d816092ca64f1a7d6f94d6b9a715a62ff93e1dd552a292bc84b5d00035aaedebbed9a6b1747d8e040dd6ae45f509a1ccf3bdca2ba054a6a9fb7abfae2150c75ced3175feda9c563a7021c67d28f16ddde437f4053988cec80db9b8a93bc8b6764b7b3c1830b1dd8cf9562537c1131e94831a1b31021bc9760b166e578bf21bc1159ad0c64f740d7c82c006b4abbbc4ab480b8769e36361233bf498bd4d83da565600186a89b7de683c85ec43367bd6c06b9a730ac5ddab481aecf84b54880a7f5d7794cd6f3f75e881511707a3ee230decafe5b7d9dce3274ad07ea34be46dc459487c33bb05996373ac984c4790387f585cfda0f8523eb21c8a9d550af979ef1c6b0547c8648249bf232758910098a0a2eae241ee1661e9ceb287caa1eea5928056a80422d61dad13869c99ec788f3ef0ece86aa99f14f5a68b01b1d3cf2979c31320784074689421753bbc13598fb8dac8eb22a86fdc0086a09c494f407dd2d2df643d8e20f5b75bc505c110441ca8a230ab1f2818fea6abeeb790209c6bbbc93e5a6acdf6b682cda48572cd3a35528079113a478534a43a732259a44d480a711c7a8ba8dc634c8aab2368f86a888c9bcd9d3a186cac0f491262318c31e7802ddf3fafb1dca93e9914dbea98160f986bb671ca8492c987dd1886d712e0e37d64867bf2b1e755ca54e9bf75b1f7412a4c8bfb51ee748dec8ed4a381b1373bae4b80f808a452d358824da7abd13069e6cb3839a83b72b33486bba489c220889d2d47096be3e7690925d4d9e8ea47ab0cab3207ff4af6f467b56678bf72c5e01808237c1fab55fa73180b5151abb449dc22bb37218ea8fb8cbc2c8beecebded7f688ae086beb67c830e828b33de898838cd877bf6187521281b323c02471c4e7330a32fea01cab03ce284259695c9e6c9410defbf2db3849b9c60ec84d5fd487822cc51ca16a976c539879abfe161d10aa60cf0f664a5d58a0ea20bd0b94a102284150d9d842936d28d9a4204414c146cce0800686434b21ed6fee82af011a2facee82bfffa7b2ea30c676de2df9bcda0b9fa6bffed8ad13f903d9a58c28ea0bafb1279c10b12e6d21dea1ba6c54017021624d72dabf5041830b6bd5de580210611527b44b1b47fa3ae0530d87d15f4cd6e85548593f017ffee29a5507fa8c1e0cfb12ed83a1f1b1f8e2ea44a9c5b14ed268cc8ca4ed69387ecab7356066218107e24d0493d0927ca4aaeee052233421baa8a7cc6f32a51db302be3e75f1b1fdf5522e65c7041437849218538d5c076b1ecae87cb164a4f3fd4338fb5ecabc8e3ccfb05313dc283a8bd42481fc44fc0be574f2ba561cb0231763069e106463db451da3b07ec59f8449520fdecbce07ef32bc4b2a98e85732a1f318fc0847c83129ba0834394caec31f6c4983eaa425d3fa871d1cebc18ef305a00d51d86f58daf5c6df1b1549ec3beec070e1c6c9038b5dd2964f5193c5431d01f63c5fe4b64134e48a22ef650325657272416eba1edd28f555af4f1d10dd2489084d974dccbdfe6d8a4610ae828194b7351de8178e6978cd13c4bc6289be5662df162aac086cabbc60c3c841a4224e98b477297556fabdc39fa6a9c6136baf4e756e1266aa746ba4ebf61ce9b445f3f1bfefd93440a378512ad432d7a982ea55c7104c38f8800a2e8144ed6d745cbc5d452365a5adf11e562c9518a9f2fd5364b453f4caa6e1af356587cc71a5823899928a0a3645b861ea8185836cf0e79e68e7309b1c337e4f550ca6b729e01ca8a3549bb74bfd9fc632a06cd7cfc8f7ffbbdd1ffaac88e62b7ea6cc40c821d06e90ea7c5ee2dc675ae25201c2822868960ebc1ae0df344d226548f02d87415a0f9e9ed8ad26067c26182d19e0ebb306bdeb52b90fd8ed5cfc51e597a26ca1156cb0f96a2e80594bdd56cf630b549bf5645a0b654494e57b17aa60a678495a822746e4f6b45c9ab7430942c36252bd9f382d41e8972b8b81a513bd1f30695106254487c963b437906983da4c8023ccd1cf31575b1ad6242fdfce182680b49bf5002136660a8c110204236c6d620b3921b4cba92dda69843dc441ccbb24cbac3173c0b065a29c56906d29a63e7f352252dc6c558e95108f33c58a154d8f360906497a2d50d9f17e7ab1b3fb53edeb244289207507bbd48126637221b702c72f41a22d89aab113ae1bd808afae87ff1d56b4c833b51123e6a320c009b37ccf071a9c4d48f81c1f03a1e22dae6346edc7a0ec956a8ecd8ca115cae513c38f35c62b4cb5513850ea79b7a164c83bea3dffaa3eb2cb9ec6d392c091f43024555efb4029f67db8dbb497f177ee26ba9cdf5400bb4bbf8dc31a7f5c436db61631fc3a1ae85d2a040858a94227d8ccca0cb4f3dc8fc20687ac48dc38760ae9f5559006a9c1096192b03f248f3431094a079a2912b65233888c281c1526cdfcaf6565c719e62d2200a8a03a72345e088ca982b2737f7b77053dd1761037c37a8cd55bfa7a5bd3c14641d5bb0424c7b4cc5a0ed4511d3ffd57747bff14fce0e36b7f2580a6363eba2754c9d5d93ca8807dc57c1f41cd78b5992bafd65a53f52721426ca818abb521102ec7b78945fa6e4a4268530a0094a9ce5d7a3ee522cc825eaf552cf5143019f4589c4c1e6008146292a32392318974c2b41f8026fdf3981d5731de4c8ac22a196355ccc29ce5ccba5952c5d0db4f9d35d2291d6b1f43ef73106e61d250eae2f5173255488df4862007b5fcaf1194322f1ac353ef77a2abe99b58514b069f885f1d810eb8d87f80e37303f8f677842889d13b18878d5f7774dc2c78fb39456f726d5d8e2eba2007aefe89a49117fecabd244a05415c39701f3b483cf6b26589bb3c1b8c6ded537615d4b381de530617ed03735c9b937e18d56118d315a29824a23f53d7b1855cd8bf7455d27a3d6ba8057fb67cf963b9c4c9bfd6e2e1c53d605f53fac0d98996f6ab662081e6fcc7448b7715eab2657b0aa354a026d14eae3ff3a91a0454a85719553fa496163f4a3fbf3ce249f9cad06053489f69e7e5ef7ba13124be404beadee28d22a5a3d618cccf7c147efd5364618f9377fef1a3317d24cf614c5933b43e69ac315794187156a75e0e03d45f1f43b298081f2a68450526ee035c5ba93e781f5a069986d1be2e92ad920dfcd25722eff34c7d40cda1ff287ffe907a3cf2b2eb57461e620fc640b8bb282c14e0000200049444154db7c5631a4e4a43347ecd4300b4f68e1e5fac57f8aed99241762abe9560d3327609e1d73b942f3c60ff5e493a3081599545a8cf02ba532625ba2a7e217ffc11932a56c65a99578a4e79a6db33ba2d779cc7111996060a8633bff80d8a2c3c325c42811f498962fc07a8f789e8df35dbeb7b7080cc3256fbf8617f5af63394ebfae99570652d6101fce6f093d83e70da59fde6651c73ed10c3298487fefb6505dc2f27bd82082645dbff74fcc99d575772aaf1830f5c7f5fc0e91c1d4fb9b09a7663c473f459350c3a61937746742ae3558795a33a5958d123b314ecde274c3b1e8526919d9241b6f645a4de3ab250b3c8cae5deb4c70303fe6cf71ec027e241ed159c5d66aad75cc7951d06826b5b09939ae4d128ef318a5fe702fbf4fd3220773d9c617afa9f78db4c8c6449667971188dfa9245aa175758c7aaed5ad213f827eaa48c02414f17698af3ac6dd6d1c8faf7dce6a73a3c9a0a9a0499da572b9982a380bd31bc2229b1a71f154c323528d0d965e8344dc90f445600426c142ab7d449f949f83ace69ff6f8a919340fc41b89d8ff05d986dd18be4c25f6ca446e34bb265d95a9c455428c365a3c20520536523f2892841d8c94d5cfa8283bdd07ba23be70f729a15684c510eeb756ea1f66128801c9805852eecf6475131876765f7081b8229334822401a34a17ce70ed73de6d8234d9637081d086d2a37d15250e97def57163743ebefabc31151d4615c710191af7714657c731b6010ca865c8887d93b0353558584342eb496b837327bd7bb73c825ee4526dc5662871c5778d386f52fba8e3ee31bb8065c3394a70c37775a61737ec8aad0db3beab6b4bf6599db782991c49bc977690b6b907cd690c9bfadd70eefc5e8ebb333c9f9b469b91490f98a65d1b37ba6a1ae1de3da9b532f6c926a1708ff0ac66d22a9cbfbfe9b810e0fffa8612e83bd2534fa2f6b11031217f01550049a05a2593141a0aa052be7599f8095236ce4ecc5c6b55179b32bdf09c1355ffa2ce54f8b77b226540e14f6ca26c582f2b6f83242112bbc005c91a8de8783514316da1691b0aedac1dea3143e178fc94b26c4b4fcd3233bccb77543a80b0d4f7726c5698ddbb3d00e998763d2499109e42a124b7adf1d2e4b9e3dd76a999dc74efdde5f6198cf5c40b1ea35280c5b61d977123cd404e824f93426810217a2401948e15a58630c5b149fff57aadd106666607bf652048dffb7cc1b9bddc0a80375b6c753b0cee1199d870e1c5fbda221e10f11883ebbf6583be994a02d10fef1de7c9bf8befde9e5f4f34942b93b2c51adfcb25a8b8181bf9955f7a0b2a62ca7d06cc2f4a69913114720e525c8f9154720f9b989f6fcf772c7c5c03c6d4f3014cd8549b69cb311f6cd8f67d60babdc60d61dc4d7b0a1b4ddbe4861b70605636fe805334c3398df6a4499f2b9f27bf36cc516fad0e3e9fb46136ec1d9fb8b94f189bdd7ff09e4ed36d631dcc7d8feeeb3bfb353dfa77fc599795fe9092df90afe001ad673284d78839bf21c1ef1cd5d2a096375a3b8ed7affdce0f8dd7945c8c62ae42cbe6fb4aadfac7239c0aaa30d643540a1961ac44862873504c96eeebc447d3aa0f668defabf0b42182b44c9b6729e5946128ef5fe6f477fec54562fc54f77c6f476c09f053df09a9f577ffe525e608897b320326e5d1930488c7bc4825312ffed31bcc2bcab9c4d9de2915010f78f1804e66ce385aa8d140c401a147d4d4453d41758c269392c2cc8e4afd80fe028f76b126010d1635e7b023531088fe6287caee45e8111bcfdb6fbdd5bcb026d7bbe41a88dadfc0d4cc2a314429c5416eccd199cb26d0efd9b123b398709d23d724365b4be5e9f1b3a8934469c9ce7329c7c73360987186a27dbd0ddf99c784e70e5fd1c7c1e73d8c2293b02f3b361519d6f09adefd9d11fabd868c323cd33765370d0c37d106c5d80b74b58b7b36febaf1c7cf7a8c36ce471d5f4f121e3ca7ad8849b83833ab7317dfa1771ba7d5faecb68130df3ede40af71bc650afa9f18ed571a1f760d6ae7d6fb36b6e6b45537be1ebb8b74e773575fc0d8aacc448fa91606846c429e82022c414792fb6df24751b48bd20f44aa60e6a4512f12717794ccc13b14cf7e9f3a3f1142c941c4134daa4923b777b29ebd75cd0cd7825de1e24537fa560f48e79370f55ffe9fef9823fbfd38de93896338803ff84f978f8e908983ae05256ca91f5202f324be1687c9be720e1ea99aa95481ba4829ccec6617fed6d98a4bf53ad40e00ffceb586a0849351d486e07ccbde7295a31242b335daeedbdfefa2f4131902bf47e6e5c44843001a3a52616dfd2b1baca100c921743aa71d956d0443a2ad80d8f40e19bf3304976a7ccc9316a306142f9f24f9f8653d661c175f24cd48708151f5ee1116cf244cfcb3a1f46bb6c6fa6e9b1a672f1ac66e54463d69f3b02f2a3369d7c5653190ce1a93760930dc3f4aedfeae51b22da70e9cb9933683017d35dc7cc3e49a017ec350cc28290fe963c80ca3492792c7f0bc0a62a7818471d8e6e79b65f8bddd7bc27b4e5a0793e6346e608e671456867485165a0e8a6ff5cb0334baeaa4a972a66f1cb696cb9b5b948d7e87b95eaf6c3ca24f885526c395d331732e5438eea714f5f5c3bf595d431d5da498631d5388a35ea075fd1bffdbb9a3edb7daca323271f23d8fb0d7c60060a5cd55ffa0296d29a95b4ad5f66787d2a17ffa1eeccd831bda9fef2b83e68654c1c32efc77fff77343a3ca320d984068f408a86f2836115491a4a9b286244c92010cb85f8343ed9f2465530c074f29d11dcee39ae4ec4c274a000306d924bf490b0982080402cbc17443470a6a3c10a4feb68882441cdcffd8cb3dcab280cae7950427edbe61a18ca9c383f194ac37d2dffbaabf5d575f7c68ab8b76c942dd752957e92a366b7522888ccdaef731fa3513a8a523f5fea6d6ee5faf898bb51799e1921a430cf7dfe4ef2e49f1de35b56d28c9b5f7a91b459d8d666271ac226636559131fbb8199713576fed4da8bb52dfc198559dc3b621f8df75a3e9a9fedcd7d3f46c185d2443347144861f712f43ef36b8b14d28606667055cda3d75bdd542099b75940b2353eead9b4a83bd3908b4d6dbaceb1861aa7b92dc269b2de326c4709d18a93595a818f7e8aa6266ef199fe7ef057c62cc8f4b1aa60096d7ac86226f933d9952a4fba9a0d2e2df22cb5985d764fee01c2a21620645102416daab2f62b3a6840471f3ad01b600a048d2b14a008b551a0d4ea2707abc4571d0d2ac6f56e2d5b56acaf07e1fef3b836680ec98bff7ef2e1d7dfecba72853ccab4f95a11fa9ac1f761a570b5043ac34a440a7b6c0638ae33d54a5210f9724ce84be20c9f97b0a5179449f13fad29c282cf6a1341598e3a46cbdf699334588c068b88bcf2c345d1205626792d52a827fb932f7cca452636d7d32b89d1747a7a29a85524957b2e18467c5c96b0bcbc7ac2fdf51c817ad782c485e9bdcd6d5eec566e0c45392463a9636c6b022f138d31d6c567dde53187f7f83ea93d9d882f545e4638f1b10f83963081ba66f2e91194746d39ec85c84eb9ac417710c0cd199ccd83bf9e2af73db535b07784429bac94c03daeae6ba30367b457f579be6b64337a638b14d1617465ceafbdaf80673d77b277f463d2f32b72153709aee9d5337c7b1cdbc8e275ee366921eb69559fa181b4d84cdc231e1237e16ca2e4b13618a41158d7aa3ad7d9819999925b2a58cbe2c954087fe7bd800fc999c07e3f738757f27323a0bb625ec9446c00857254762a3993f6886bdb3f2353c2d9bf0c3a689eb22e2cc111aa9c941f7a64e1431a0ac6e7939ca73c808fd63d9bf3b2d61381befedeff7ec247cb7c76326204f9e424804753321a470935c403d0f2f074a3c33f5754f3afb10a5d53e62299b47aaf926e68f6fa91c2089084b55fdeead37d44d4192acab2291b1f6a430883e308db643376a18d469ae2fd108ba1233a614e2b0994c120c280445dc6e933e8db2c824da68890e2bac3ef63c8bc5c6decea45541a59060f95f3b86bf135ab8878abed0ec932c335afb4007ecfcdc9fac26122826a9c03da65dc735543b1b810fded7252dc3c936a7ba615546dca4287bddba41c44dc2e8b5663ad67fcb10ba7bd9ef036289dffb57cef4e282ed4971f5bec63c266d0ce1193d89d49754bda63796c0706ddc7183f0e7c579abf7880ca5e112b11d32dd4205bd2332d168f2196e64edfe9571c54d73480fc367f8fc3ac3f5cd20ae8be1a6efd8fa86e54edfb8464c620e8cd4c784a64b2fc6cfa9c30f0924af480823451d21837a25fbc999470a3d616c66a50ceb72d2bc4c329fd8793eff360e84bfa5aa3c475dee39a31fca1cfa03fdd09c9a32082c24ea61ec2ce939465bbc2cde729f222d8e57f20b51618f4a8b47c0a204419f390f264e7f52388bee356d731e3fe53d7ff28148d0715454fefa13f547c3a37a9682cd89d82855e7984e6a73ec69355eb79a879754ea903207a932c57794348559933a7efeaf9ea82e1bab25593e6ad26a2bad58273712accd1d77a8dc3132d41e01841dbb276d5469210a34d65473b0e0ec1adbcde758ed07b29a3efdc5132cd40f8704e9a87729838804019835493e5e66d3aac18524016e85644e82c331a71c688d312f520d68dae850aa955285abd46a8c6a5e9e9031b6302b63ed2dde3ac6c8cc8678f4a47002ee03e1dbe59569b9cad9a4a8a1e4ed52da80b47b0cbe1287df334aa36376dce12610fe6e8cc3c757e7ac8db72e60ffbbd144a58d78ded8a6e9ef5fe9a73dcb37aee1b2f371b9643f60a29b64a0bea985eb3d6bd51e519f37a62505dca354d9a47fc61fc6de187118778fde87efd349154db3e21d4a25c92265b01e5cea2e24569ece3f982c4979c7ac410f538b11d6413cf367be748225a79da1dac9489e36ff41ba6f43f1fb0fd768782fd72a892fa754c07e5a27a5168decd14ad242c22658a01c910afd291bcd960c4f427325de99ec54c283271f457ca08b374111acef0ffaf8c019b4bf00f180fc9ca8006f3a4078f61f2a7b17abbcd102c0914001972c31be273390cf00fd3085c5c0c0615c9398b44f851378af0e7325a4c6ac22079e80f4d8ce5889d008b14eb92da25a841d070513f8a8261a099ae7ecab1d9d4e1dd440a08a1f9204c48d344e8d10ce3709c1cc222a4e2f82a2780b85e32950cfbd5f9467f8ebfffd8ad133b2df451b585cb89129b7c5f713de2f2edcdee2f695666056c977c0b4836a60c80da5d5e1a2eb4984be5cea3de366ead3e0b1d94369b0877d1da7e110e666c87c869b72db140223ea966c95a07d337669ba621937b726f9f9b3c3b9d10430c660ebc31ae6eda53bac87efe9f773ed662850340cc3bd7a127ea4efc17bdb387c53194ae8304ffd2014b13689a6a2eae0a4b2da8c014649b17c24593a5b93e0e1493148ccdf5309870b7feb2ccb02b639ab9b549cbf9e805169a4b7de2afdd0b989b46df8025af9ceadc17045c7f6922105f9dfa54cc5368ade401842b3271f036dff0869ef43d38617e342dafeee4f91b23d81bd6cd6473363d03e1abca837ab4ce0277f6979c80eea5ac97be1120a9cbcaedc76c2db4e569a2684419714b217af95c3106703b9f36e7fea2d8228393b630984dbd4f1ca589c0935a9ae41d79fdcde82b267108e5d48806e0ac7abb3c72dead548411b4bfdd4e75bcb4cf2ebfff41c2bf6842d8e728348d23bd22c5729bcdbed30cf1c11383f216eecf1f4e223138ade694fa9bec34d94fa540ca83534ad0ea6a8f64d62ce3d86332085e1f9638ca232e63166d86e5aae700dc2cd0dbdfbb27155c9a89d3b18c750b2eba11d242b97b27c8ec7ce9b44ea43e9b79ed3cc084132f3f7eca6bd3381d9b3266c743d465db118460a15903a9b7abcbf7fd7ab84589f13b583de1c04ba1e6a8ce55175547e5eb8df50507186d8a4e081441cdf0f9aa415d4f16a37b5e5965b5ad2d9e52a4c64b8f8261bb401c641a5be07a92848c6623d87df61d2983ca89268f531d4726a88f170831d1b6ba5abe5caecdb4bd2f89b8ae8da5925463b2959ddbd894be6bf16485cc267293b41398a050aff85099b13b37665a2b42b99d0db5bb17f3f18cd1c6b5471b58206667dcc9c41f38200456e3a6173bff60fcf34e6d5c9a475f18b11cd574f390cff549f7a4d9227598bf3a58e50f614b3c29873c777ffc0949b0a68940e53ed88aaa77a866bcb241406ec4769aad97dc0ef66ae90e1f8acf38f1e2d57b6d18d2a0e4fb9539e41ac262a1885c43d2ae53ed9e4b18bf1b9f501d4bf74b0a645121a01e143b4edc149f1038509b109114e685d386ca1977730928963a9ef160b154526e638f524937a8d2f8ea19c11c9b361589f6d33e412e5701c36c43a879b90e023636ebf87737bd2627d6653f7ebc02699af6c588e45fdbdc748a3745819924b8e7e6d648e5102ed31cd208146dce2b3ecbdeaf3266d0a51226cd745c1c2dfd3dfa962deb0d9c40664970d70ef658a0ebfaf73553ed648c2dffe2c34d517c55849fea2f813ccd56453c730dc9373d1f49e5228ad55ce0b6361ddd3616981d6316b191f14896530c9611afb44299a3563198b73464b24ec901c62e9dc35a53b2e58ee0f31d0ba8b4a802ec8ddaa98692a3662973eed938785c4b852bf797b6b16d2cd369538bfaeee27d356a1eb38c77bfbed4361d03e6482b9ffe03f5e3e5aae9aaca56bb367ebd0ef70aee5c59386c98efd80ba4eeca5dabd008dda448ce2169447acc770176e10fbce0eec0369bad9947dc105a92ad069a1f9f81cfdee856b4e5599d4e5a71f3cbaf55a85d9b0c31a732eed8aa0cdc3d555d8fafb8948682ef092aa67e1d1e67b3ac7c09c09b27f4ede60322c8f566c380d77715ef09e944e7d4295b28876210c91ec486beea9eb219a18d561c2755d688d394c78377b95c0f85a99d3013ebed8e3f7110bbb8ddfcb17e2f01e819935c66dadceeae1e308f7f2e736a611b01f637afe5d6058cdc1e51bca603371263e94fc7b262dde63c2e613c7b6a9a5d7db1c2bed44663fc4b0d1f0840d6d6ce30cf4dc9e5f3feb8dc7997d64faf5fe434da74c619774d3e6a94c80e180e9eda23fbd49f35d222d8cc6c3bae8ad112a214e2892c23d70742385a315d36c95e49355d2a8e933ca9a779af28d3bde97572174ee1495873d4aeb04891ca1c6344b8d893ae0944ca5a51bd2338c9f303ad6cfdefbed6e410a38db69ae8b6fec004598ed70944bcbfd276287a6ec3145f93fcce34365d0fee254a65ba51846e217cf5790f9d6929c59fab48a2fede2b5f3ca3684319fa33907c2a29e24513629af9ed793a69cb82a276e0b2830943ec1777f610fa7d127f9f78728e3f066b556ba520d54393c9311db31250af715417290fd88b304c9da9c8322b613247563b6c11948d94dc6478a39efc97d96aa4b03c5a84eff5469348979848ccbbf50052eca23eeaf62e58f3df8f4e855155aa70e0fc579bc457cd9b0ca987d410d19535b0c95a9faa6e6ffdab52cfeee564d2a6cd79607f46c896312a163eacc7bb8fbf93c0e9fe3f7f6f98b1b689d8ec6c0ea18865a8ecf5a9368fd9ee19ddbe68b4418197d8f00ca1f631a59c5d73ef7f7aaf76992b39f1398a0d366db14266c6c934c264d6a8d9bc704c6ee1a47733a8677eb99f82ae6c3b1c657f74d7f6e35477887f3d646cc80a9743201576081f9ae38f3e0d1b1728017a29c6b31cbfc90f977a36a7cbff442a9db3e1486ec5dccfcf78e65fd1dab880b8ec7d63e6d8103983d098bbb4da1b0c7ab5b3c07b57a307350b16efdcb3f2e8fd48de9c603d3a56ddf12459374074f2dedddbef13fafb1fe861f85e323c1a09df271a2fdceff7db1e5d47fea0bcb6b2789325d85519703a7a117ca2eed87ca393d55de3fab04e30bb44c54b131f6185190007bea6c7d66ad0f6676e2ddf7d851ead11126d193b64edb1b9e1dabc74150fbc89ee575671f540127543f6fc20983df51ed7b30793caf441cfee680f92365a32160d6a15a16f7a13a1f92f81aa5c543a8983dc8a43a5fc5a5b6520210763802f5e7ab3423f1db4f8808a9f3ccbbc2d89fa62e804068d2a59163a719b854deaf340846c579e947546b7bd29d4ba9751e5cf2f2851b4d09ce045d9df631d933c27d6c4efdc151120fe36e66ab70ad5f375ce83d265408a63d2f9a55ec56feecb0295422eb6b62019cd8886192f41d9f1ff1ec5eb18cc79f6dfdf7f4c730ee3e6e80f139c6c8c226d0dbbc2add3bc6934c39ae0dc579184ac956ce5774bbb3d620f5afa19b220cd44d3ad055dbcc3426c26c7757cbbc9bd4bd85b5c1b871a01f2001844a73ac8befaa8bb839dcc13e6c588d5ef439997fbecea9c18369907e997448618d52386d197581549e81a31f9fac767d6ac7f7a57f78466fad721e8d7dafbbfc1ef3ff7c58e60ca783f8ef478741d751013e8cfabffebfdfb122255ffacdd3ab8dba5baec7cb9bccee88b391d4eb2235f619495b00e16d1b310f175d38a72721c56b4586e6dcdb69bbd167144a8779e2db52812088d251b936570a8bbe48cfb444da608d084acb24cc1fa5bfdab75597040ee4f1e08dce45a40b6567ff84d2cce928cc81b7fa6aa9661498e779d4a17dfaf1dbd4ff11e7a3d4467d76a0421671a012638e0a489f479c8a14145fa924a0955a1c56eec4a00ccc49bfefa16e2c94827d5845ff5d4ce4d437344e73f60555392a83dc0a7bba31fbba48ed3dfc311324c3360f2ed54da24c86583f6f0cc086dd5fc0c3851ccf6defc92fee5c0d638b3b8fbd13630dd2fdd8bdea040d195f7c5f7f95a149c33fef6135786fb793bea5cd79fefc2d474b96ed6ed3f490688c7f8782c3a40da7b76986fbf718ad6b09751df87dfc7d8b8f84f2c1d5845878afcdef7ea2e9d3259c6ca366047ffc9f7f68dd4bdc5438a40b2333a30b18e0eba34bff7a95314c3f0f81e2049907cff8cc915662785b99f8d6abf8594b1c89f3cf14ea4684acb2fea99e69429ad6d455aa994d1d8e3d45ef84a9d2901ae185c80ef20ad84ca2ee5304a982149aed651ad77bad3ab709127ecf1f7fe418747c23981236eaede504f865152eda7117b5da52fe3cbd0a0f397a5f8b74c03440e3cdc71f7ade223d2c56d36af2568631092267241354439bb6b81aeaf510d6aecae1ff5b5f3ec902daff4609340fa98d50cc36740267712231ecaa4d8483bad44fab79406b99542578fb12a9b63e83c7221def2ae6fca95f3e4e445798f3b3ea26fd9d3fbfd94c18146eb2e1db86d445084094df53f8cfe3cad4a23126cd0f28f874cee78f31bb1d9d6b1ebaf76949f12f19f146ad83671cac2e20072b839306089e864b31fb8bbf7eb3d54ea19670548dcb9861dc73ac700d63278bb2270d0fb02f45cd0baf8c4761ba75d9d6153d616ac6cc2b065fd8688652ab3395c89c1ad6f589bdbf839aeed27d7f9ce522dfb0022f1f977207346624055d48e880f1bd2a5aadd35f90ac37434ba232e4fe8ae9dd579b33fd3989cf25ec340a18c344ac7a93f2cf003cdb3ce38bb894ae7f2d555acf464a37e6a91377dd7d47d96c773587353e0fae86664effe4e1b6f1e343e1dcbd95b3405d1adbf523184619e19995de4bc3e1dae4b69e8f90357fdbadac4b0a597febd63d63f6e3b639c60d1367e5f3382b9fb45c01f20d3828cb80f0038d5be8aa1e0e0d9ff199a3ea5b339aa623d9efa4807f4735801e511fd38ff2f1816612be5f2fcec227f672e595f7db2e4bcc228b1cb59ff2a4ec9487aab6eb0249804c20ea3fccc008ae3aa4a2fae63b7e6ff1d53f5c92e24f623f3d93709d9c74c769b7a756f577c52cd7aa684a64ce6d818818219683e5fc3bce9a0da8488bc65e3abb14734c5b3095c9722de36563d95d5eeecffeda8ad1e27d179a3a779998ee8d0a59a28a9f1768e20e984028d17aacd25791c0e91e03b1438778cfc96efc910a53b1c871b2720e669487c5a44d8a735342fd97da0677dcf4b04a38ee695dd98946a1ae3636bcb7df2ad2f6d03ce26b878cb1a5b2f93da06ccb5ecbabb0b8f87581ec84bb682c48e51cc57bef3f8444cd6d26204be345c3677c95bb4409bd49bf8119f9e6ca184a2dab90e93681182373e66bffbb313397d6ed4b98944ae9d6b031e800c96c47d11fa62a848996c8519f5598d8c2d19972802f53fc3e74ba42adb0162edac1b06d261ebb7d89d2616327318bacd2c532a1ad7be955253b95c6b23d7346789fa891b88984af8de917fe6b4794b831252091b2967690348a398c38627a839ef3f96365ab55d1fb834ac61f365c1c715cf39024582293d8f4d9c0d7f21e8339e831e7b0aea2a45e34de52c2006d12864b1cf2632a156ac240b8a76b0ecc10eb04471f6be0aa4bd6585e01eb6db1b4461c81d0af9784e84f79919ac1938e5037aaa1f4cbb2797fd48f8fb4043d040f82a31e063f2ceedff8c7679bed8985bd834c0e479dac5c7b39014893a6762c92070e81521fa3e4fd0f6dac4dd5f7c5e8d28511783782c38f5baafb3d6daddb09b28fcd371b4106c9183b1d0441f406a9ea9b225a8bc61033dd499d6448e0a1c62da9a81488bad58a933f66b6b5f83c63e8ba8eee33dece9db64a44c55096d1e4057d8fc4bfbb3a7db390b8fe501537272a8658749cec2ea5b05018c3861f6fb0cd8d55fda05a90bda4cd8e18ed1e6308cc1d1b2019a2fbc959f9cc132f15cd458c859044c7d5991d0b8ba6b6272896f68d0d62be750d966e234860be92e758540bc93e4846985c7e2c35d4227c6c67eb64c12a7317e663a32e4c8845bf9b527c0f397cefd1d5eae35798537d441dffbb3167dfcc1b4341b2d60f4e2eea3840733b08fbf9dbceb79e766b55ce0007b04b743ed7d01c36d2bb95117bb6ea1743a36cd698a99abf246800304c9cc0d78b791ca3e4260e42d216e95d486c0a3b55d0baba9a340ea13bd1b795b4ee0e69c6b6817550ebc8cc57d62b892747c9fe0b7d51b293e2f76cc877a9596ee912bfcbe85c3565fd7339cddea0118698332892f97bc489db5bfcf03c3d0333c7b0a764c4b0d9c5ebfa88d231e711bd44c17d6a32db78e3c6ca7a6c3b4c6919769d8a12f18ef453e45e98635e97a39cc3bb72772bb7348d7df89ea747d7c8fcc75afc381d1f2b061d8145a2f8ea7ff8be2d48b27fc806f22ebdc46aeeb974372b8e42dd689240e821f6945ae2d05a9e6bccdc1024d871e904a9b12c6c889b50204a1cd255d8c27a2a131c4a8cd012b5650f95c4c4413bf6b58a1bb5be882cb14e9cb145cabd910848e526ae93630d6511afbc4704cb462006268f778fc11b932992b21ff4d5435ddd529e7637d1d0419d6497abd58c17151206719cbcdc0fa8292a8e49d4d6a6f8f1aeb514e4c35a883f164e63ccd9399dfe057f624dcf504a2f8c882a847456a62dbd375f6d83d378f9ec2e396060b86c44476b33e5587bf713aad7f2a396590a26871cb1b7eab22c939d71fee8477244ddaa2e17f749adb518d8a8815496652687fab9dd547f1f68cea7a5a3db951084a434c76ba854061f6deac305480704790000200049444154db1888b1231e52b41ed280a98a461770a45b9fab6b4517685b3dad8439123381deee965d944e4298ba68768b76601885cdce865d770da4742a3ebef4bc9c5fd48e301352690d47b354df8e0a1d575aac2f8194bbaf982bd9ab8bf7d9b90826fa0e53056d9d6e5638e8d6d23c4f92298b42f33895b91fdae1cd57dfab8265f79a40b39b72137e45fe1fde939038ecbcd0223476ede57759c9ce3d65f7c51744a8dc9c615b397b9f6e33e5f7d257319420d6fb80db3127ed37ba5df6e8071512e776ef68ce29535ab61f0489d26bb3c442b3ce688de7c9269d1e44f9d1d746bfff1f2e2fa58983b0359cef8ff2df1f5b06eda0327110f37ffbffbe630b847e64e7fde2729b683a7cef77e89e76eae1b2eb3d2be671932a69a11659d766546da4ea4ae47d264dedda5287fafa1fac34e64ee693c76a96755b08d019af11a118d722498ad8d3f8062994b46f67862e015aa76211fc3192cca94be092f095d20e6ebb41f500b4482881e824de917a791e12cb5efb2fb4e7135f8afdbd484b9d4ebb1d05aac4752900f38ecc1467491a2210ff5c4973dff9f39bac1b4d4c97f7058fcd19a9353a2f1bdef585793ee35e207b2523a2bb3a36c9a735171b2d3fa18b94698c4be37b45ce22d4e9b2d8de9696f0e0e83e957b8cadc9ee5af5a836db79622287683e97289cf104f921d68c6e945ddd33d31aee611ef80c5c7794aa4e35c46dc54ce9027df5a56aba1a99e18031c67b0d37c238cfaf48d57f51ccfe7231d9dd14a6c5868709698df5dd64e3374e3258ef1bcdacb387b2d7ee90a318e667b856c9d93af6a079e832a4c2620b561547698148d330e8457bef32ba5b7e85f9db6c31da6fe9a21a8a26755d3d38316359012fb420a9faf83d3e77e10ad31c7f78d1ed766f92393ef185e36daed6bdfcba95cbbd5e4e637ae9514e80ec5d8be3574367ce677c48d24434ac50c98183b461dea2797a75fdebc618a135ab02a7df31db405fbc40dccc0cb78a84693556f273fe680f951e751bfed6aabf439e8075579704ef57f81cb826e81ac13692b4170b0b424f595f5684ad86de3ae814ccffe1c57798b66bf6f58ff9f1b167d0117f261e2901c2a21e00a17a383c883d26140da9fa02d9046198cf29fae3fe3ba5c63ff78aa551a3a61951e1c840eab0d2831bac5a156a91d94aa3441008b05c58a42c4c0f47aa021ecf84688948b12348ce1ecdf10b923e3da693903abcdab72a96d3bf2f9721c9f72b0af011f6cf250a53e2a093cd533427b5855eeccbefbcf3b688798116f9eb263ddda27ba39af3bc2592d8e9587c8354e939355d1e46818d987add77defc487bd7a68ad7f7e51ddf12635da2a6c0486074636743b28233ba27cc95cda51574aa13e4e6074bbdad38722f1271b0e5c7985a244ca4decb954dc9267b9816f129e72d53e48a3ac4cb5c609acd0426cba3d04848d7dd498c8d8d03cde1b1079f1b3da071368d61308fcc4dcf9c51dfd5c7eccc87772201834d9770c793ce3e6cb454cce22849ab30bc129218b7d2b261ec2de6ccc60e2d94c803353dc5064cd534990b1e97044aad74baf7eca8d87962701f9149c3ef457f4da4c5e3a4111e6c9a5979c6eb922451f7190b8c1fb3c56972e4b1313da38d12271fb86e29c7f231271f2073d72ec650915429ab095d107b0c83260a028d89cd81bbf3ae6ba549913805dd60375f278994f7c0664c5fc0bd25204003f4097c59ce39371ff636b93aff48ce471ebf44e32b31fd1c445010c77fe95fdd6ae369e60d0a8b5587324e554c3cd4dd204a69578d630b25bac403f308a1a484ac7ed49d7ebd816fc61f3f530cdadf170646f8dd1f290c88492742e14c797489be80b8e76f33cf42d3f8a106339120778be0e8650643c39ec8e2784b9ad19b6f883923611b830d6538a3f4ac6f587030169c46e4fa73604ba5e093139e31379db3480b852495c368b0abe305991bae54fd0e3ce2309166278771189be91f304d989ad7b4c544b0e1c77dd30b92267652ecf1a5aca3ea23682111f942503f2a300bd0126408a7e29e1621326784b9c46a5af358deb36e12fc69528ddef59893f6b7a24e97c813fe0bc2f630690224cfe0918741f724c99ef981eb8b9acba2a53167efa8cc922edb98936e578b229281b69ab7f5e8944f1c367a18dbb49ca7cee47d03b3b199f4bcadece27bdb263c4fa16a3078c665b6f1c242ed716e231ddbfcec95fb4c369e6354206cb0e323d9ee2f0d6d7f65a4ddac48a2b76a04517c1fa083f9c1d49f92b40bae9805966a83c34177d871fbca217ba74986f839cab171f4975fbdd6980e07d9a6c40b131f7f8d9cb748c238c3901ecfb9e0d8d13662ccd47561dc5e98887f7dd383a6281f0083c6c18759010d89e351499a4b143a4768e6eeca6025b699f7659c6c14eb35067c22083a38baedd0f77cc76648321638bc60424c31b939cd4614cd1eff0cbe05453e89cec80b60c372a73eeffcb67c1ae045d4d64239cbd96879777042c01a108ad9acbfffd7b7da1afb593d7e2619746f8168d17a253d9c11a495ef77c8228b54e0a03b0384cb0f44f2bcd2abef573402848aa403b382f971b412a11398332614eb562ee22a8d6f47c6e89f97ca856462ce40a9857bcaa677feaf9e60520bc7938f3c37faf6d76e2c9d65aa49a34920ce2848ed466ac46ca0fb585d5dd908dd06fd86c68733b234c52c8c0a93c311aa8f8bf3ce169c983055f14847ffc42f1f3fda450bee386d12d4b435ab88ae2371a01464aa1b910319182c98203591b27bf1d76fd23d5f3507d621322df10ceaff620640321e2e56c6457d15527c6d9c75e7f185ec2ab23fd6126ea4dd206122b12349c20c57cb160cd3899b4091ecdf191d2ae64c2d5fa25f56c84402cee0801dd89a0877a1bd8dc983cf244d658cd1f8e6217c302be197a0803b765aa4dfd5b277cf995b9654b17694b03a9ca3cfcb9f80740abee78aa9a275782179982c7470957c0584d76126c3998bffe240393a29db49c3084c16a436735f18f467be74a24553a0b161a37ffa472f8e2e55b5b8e3e598443b6443da5b589f2b931fcf6396f14b60db4763e43ed45c879ec8dea5c6cde31ac716349b4018517aea6b6ca02a2cb4b3ecbc6e07862c19079beb82ddb73609fb2d732e978c418bd0b0a775660e18febd2ad770df5d4f58d6ab45e9803b892e3a1926ccda283f0b8429eb73b051ea134a7daeba7ead4c95f75587b653cbcfe6bf3ff30c3a4e1b52152a213fc4131fb17ce9e8d44f2c937a89a3a42cab5da5e2f3e307d2edbdab1fb7dd9a84015ac0c3c04ad714e39a26099ae3429fad33097cbd399320f8e3a596d20e1e356cc5b98799e71cc91793c26372607eeb8faf571660917e1b3f0c8336c79f1815846f511a9569d32f11a964bdec903842bd7b716134d534a2fbb0d05d4587a9e1a8db47aae951271d681d8b310911ed62856c645745d52464cccc258325c27bee20c67ff6e78e3186473ceabc6db65468d4b366474433395ece26feb68537b807f703777031b40dbf4e4370a6e6dff9a6f64465d0a8b6072cdbd3d46b37bd44e68e9600e3ba5b35b857a9c1308ed9f37ee938457448d25576eaed986e6a8659d40adaf3ca2fdd7b57cda1693061a3627344a2bcf7b64746879fb0ffe834d9e35fd006f8849a95fa5c32c78b242d337f9402f0fadf97284c1347f22ffe9d53acb5125adbdffcc98d9226d729d3ee3eebb9497291771da22e044e636cf6f825183b652f77da658dba5b2f375bf8fecb168f9e513d17fc0aa8fa989c2ef8f2c9a63151571dc7f3594492487880094217dc8b7aeb649d2e91a9854d1047a8d318122dd134244b91116b26223ddb8b27118287347fbc367a6a3de304bd4fb6f2160f8f5dda3430802d6624326339082784a6f755281f36fa63a591619a9974d01e6fe515f71953f64de267931d8fbfd5cf15838eaf8f1ded561557e187e4002bb6afe4105439246d57a1894c38598c9503bb1e85f9894fc63c8044063383f03033102982d4829983858769e55849ec10259ee693cf3ba20d01e67c891c75d67d5cffa12e5ae1238fdb46524612d6423e5f92d26d52f5a9260647c34e4981710e245a5757dd24c1751655a0ff4c2d2d3cbb1c1aebed2b1f1e1d2cb301aa2b52d8b7fee83a632c30068a32e19c82399839c39e58183efc8aea7b486038bc0ac391ad5e183cab54f27d6432220372077d8f43ad7cdb97a44c5a77d1394c48279d0dcd0b8446769bd782ddb6b3f93269389c0a0e847fc1482e531350980955d748e1dd41d99f2458104de3d7b54b9d890cc7cae713c75f9bcc82bd707e424cea70998bb6572c3135901f178e951fd91896abaf1d92bd7799e73bca6d62ae8066487326b285f85cecd080cc6687b606132544cc9cb716265a43cef42fe16477cade4f6d8b5d25e162a35da9b2b4e08829ef4b7fff0c7308fef957aed21855aa56d7632aa2e46d49762a522e78900d0b83c63ce5f63437e560763b519a08df1f2e73cced8a95e71924d3b0c1d34c19cd90f20ceea82ed35be885da1665fe365ab7214c1638f80e3a624fd3b8b653c4d5f0409841fbfcf6d7569aa40d3dfebc1e3fb70c3a4e388b879faf7fe5eac2c3c47870ec5ca0acc1a28696e5bcbb24317e384efbe45b463844792065601ba52600a7d214739da215a8e54ce401c7766ab783d4b0bd98c57c499da4617f51614c9836908688f9454a476df4824730592a7741f8f7eb1c93488b1da0c57ba23a17a6d3497ea8ac2c1e0e23ee20c922fde050c404709e6a7263433c4b5dd8c98c24ddf69927d414a072bec82a59847476c14e8ac71f1bbfd73b202a839ad57bc9014b69d82592b856cb71854dd24d07433bbae36f8ca06a223d53877f3eb8b0f1f6b26b14268a16a377460a231efc39c5a9239df1ee8f8a2923e162075e2a69ed4e455cb8645a26dbd48d321c375dd5bfdda4d4db09c2ae80a44c6a310943cbe44f38e18c43c4749f2a59a33a6f7f99d296293bf38a6fdf6eeab849d648a0624cef6843669e3970ccc29c2d5b90d7aa63a1e21ada15df2165e24bd8583770d82bf77c59b66d18b4d75299a773895c59287b32d9a44473b0a1f1ac37d5dc94e3604565dc2aa7b16ddca28717d5d1fa2d6d049841b08563d6838933ce458aa32fa50cc82454d48ec681c319b3dd0dd2448b1d5971feba178282650ba261e298d73d305760fe99276180b0cc9dac9b52ff8089f39e244a518e004d378f824032e80994807a0e61ffe77f7191edfad8c7f0d41f2035b254da2395744b23367ef697dafd9a5247592c30d3071436c662c2fe8b9a4b1ce6cb32457c4fde6a1620d23a090f7b6831e00927ae968d806b214e4c07db283e15f5145bf3b7fef0bae2f54745d4fd90c69dc9604b64619b4db61e2c162430ea1f10f666124c603aac4c42dbf0ecef73a0429fb4591c2106f3ea2b1b64cb7cbc734a56159fc814162bf65fa47c6cd0defb8d47524695de6f2ee9d2c6ec2e35bdb52827370b04893442eed23976c9c8081ba382614d90b86d90d591c9fbe3e1c74483b39577b58a6b8a645975dd5a53d169b346fa32492343d34d740aba16e2631c73183ac6365c227ddeb0acb4fdd58c148d8426a917ab3a61295435d7366024e4d809c7f71c77066f2f8d03e66d1b737d277c0a16ab0fad69a326fa02139b8be7980e089d7c5ca534a13ff60dde190de624d1134731c595786bb7f5dafdf42c34b3839827e1019d1039845984b674f7aa6e399a179b02cef50765cfe67d28c8850689cf830dd8daafe9b998d790bea1590a7bb1e150a50e1a2d759907b9fd36ba8db63e88926243f322491396e3cff547c9a07fc2f423d9f28354e1c48dc7fb93b26da266e28ce3d85612323f1c2c1854d357250d73eda35aa0485a2c02fec6444202c6932a06be4a2616d28659a0a47963cb23b696c0fb1d547be46979fe1f93b3086247da85f99ca88cb679da28b00923bdc3b459242e0cc29c5918c54e5be47f53682b932cce9977ccae47720cceb7d33f5dea16a016c7f390cb914ef7d38223cbf1bbdf209372bd6528da3213b7213e155310f670ee45a480459068c36af1cd41528d92b947553469b5323e9f163717f8df988222b3e1f96c5c14dd81c1a04df0ee7e3feca18f88d91cb9623beb16bf4676681cc0c352993d29f95d68c2c7eeff628b7e4e9a13261f923d96aaea22cc94b47b0af510c9f3a22269bc96894f12ccf371450d617a3153c020661753d7ab2a888516b6ff617b15265bc7e509203078b0e6807902f12b9a83f59a43c20c69ce7a8f364a18ff89b213efaa3962dec9b2bcf0b7cf19bd208d0dba3e47b669e681546b4c4438711f96e68169e4cf7ef74aab6f81746c7404d317c3dd56c592b6d58674d8f27dcde4b6c79205862931e8939c7b3646ad09d2c67f70d16d96d2fdb310a7fc41ef1ec9a0a74418264b58cf57fffd6585618b71ee26bbf5677fed44abbe87c71d02a5a0d3ce0bf9d9c1982d3533588824cb90fe4bc815d97a38e560d4dcd7525db5caee505b1ecc1b8419c130613a483d6728c61533021b030b0de9a89ca38405758e6021c2c08c494a5d2d5264b1059ab4199c5cac66d2b9af57fa2b5e7e841cb71db2129d0179bb23cec106bfe696474d32b60dcbd4fd629325d1000de37317968c4e361a42a8a26d39da8cc12efedd4b24a973c2dd61423094b219c8e6abe782874789b079f0dcc5d20260d47febc293fa252635d679d85675b0a9110249dd110b53af3bcc504a8e631e4adb63d2b721b0d11ccf7b489da7c015dda549863a5a26173ae3605ac0beef87cd8354069241183fe602fc16cfcac9c7a03c2bd234afda7015bb2d34813d9b180bcfaa445ac59483a6009e98d7562b9dfc74c5d81faa241f34339ccb3b4a90200ae4288d8d346ecc0a3f94b6813392d875baf7107209ded02474c4fd70506262d95fe62122521692a0a37bf12f0e42f3d74c3c94f127c9fc36455cbc249b3b1239e3f87973f24dc95ec64e4f06fd1e11b40ede625c5ff937dfb33b41b024911c2407e1e1922e684a89aa3b4f110e1cfb282c8b9fa30bcb31c9073b32921269d24f3efaa24584701096641987e22678b2f1ce938d850489140f1326c6f753ca12bbf8eb2b2dc204a989241d3606a24958f848d82c4418ab9b0e3c66768d1627b6d983e4407af985750af752a3de503a957a1b38849092682c00832a2553b959174e05334152b4052da640f12a98a933bf26fd5586c6fb918c62d12fc6b0a25c5d2605c71f121951071c6075b76a93b09934d38818cac94a0b473afb8b3fbcdeded133f30c61990ac08cec52a21d96694eee54240b9ba3c7a79799e83625377344f3b7ff1e47e91880174c8d8cba3d54e46af13ebbaa1ae1f156d0ea4949a18ee7f00d9192994bcc6674b3a74dd45c557b8b52bad733a614ec4e9a03a4f537c55c998f939482bd8570fbbeea2863ea4082e5fd6980f1dafa37cc16cd86749fb4b74b94aafdac1830e17c3811d9e4c85604f69baeb9cff04722e603cc140bc57c3111118e8a6d9a503a4c739b928e41108d91e498bb25b5c394711ee7f1de104806fddef01bbb1a9be4534ff0f3a2359944c2a696025e6eeca4385da8655b0e49da0af1238ed66b3b207594824524113c6321589c87998392a27092679f79c9527c6f1b3d645215364cc2ab16a871268b08bbe77597aeb1454fdd0b16cab592f03c92c0d57f0b7bd262a73ec44eba96145f5365318154bbe5a172361e20151b27206699160e186ccb30143e5ff7d2eb365ec20831d3c008b05d7ad24b61728888e5ed71b0a23ebbb92132492444ecfc384991c8c18464226a8834a62f6e6455e5642bbd5231c48f99643c6eef44dbd87df1cea315ba17cc060730b1f16405fa339bcdbbdac23d62a2497c51fb289cbfce607917deff966b1e3033102dcb48dda705131a90bd7f305114a766bf2e05526981a7ab2bc279f728c413ed8064905f5164062d9c884da6d63835672ed2c64cacb8cf0b8135307562c5f185a06dd14fd0c3e35ed61c913db86db517f348367aa4e33d850b260ed2ecddd7f26ecbe34565e1d2f30f1b3c4e7122a3f2787f114806fdfee239763724ecf5fa5923b3053f1ce6a4915407f321abacd4ed288e47b769f33752b01f275224c798c21c4baf7e5d1212f64d0ad5d8ba16b32269e406d995bde30aaab365416ad5922411e5c416a921298ec575d95fde6aa531e1585407430b3855e185072bf1032715f1add4a9b64802b36d5739affe4b28a1954cad668f05726e22cd93ba6e51006c0632e360b3e53d6dccfa8151595d513fccc157aa929d7aee320b43e3784815e3d848387c03b1729e72b25227e51e8daf15778a0e4998a17e68a976f0517b59470d42bdeea95d70dcce5215022baac4385b424b7d3f976a6d0682f66073523500fc0b54823b534d84390fa71e0e4ccc1bfdcd67a36d2a447f1493d8687484d2a061925c43312b2bc5aa1f1c68dffcfd6b474bb5e1412b07c819f9b6aec52c41781c76fe32bf64e1b933708e4acb2a7243cfe6f97b611faed23a8c9e8c41cc6044ed700c53a7bbc928b3040d638a614345f226da825474afded73f3fff7a3f114806fd7ea2b999f7c2de4c853d3a9bc7c3cd23a69a4acd243c8ac8005b44d650b71c6497f9f1760d9d427a4542465a432ac5c903e3c0b481cd1c0689b984185cea1c3863f1841b1c421e2f6b4e442d76cc16774812e33aa42a18f6654aadc5f16647952251aba9c877889c639e21095f3b590c16099a785e4a4392867db4186ed984c4a4148d425857496c289b0cd2324597a852b648b54478f6bdab1f95fd54ddd0f53c6334ba1a26ca397454277165bd2250b6a9b66677c439f3e5dea48763723106ad4de740452f206196ccc96280c75442c4c715b2cda201c5649da1ed39ce9b9b3a4c8a9679817e787b482b22e4cfb33d87a6915db40122ad928d88ef80187ac68b06d26a5ad4681452de490cc2f67103619bfa9c9ada3070222d68940a76566f5ba608983b8c1cdb31efce66e01121653ce3e624de870d769d6807c6cb3cb379d2ccb81446cae3c34060cebffd3fbe194d6d1fc618f299ef8280b595d771812a94216da1d2bb04bab9c0bd654c9c2caeb7e4d52f29cf30014c2614cec1ceec8ec157c4e8cd94a235cc022d092a4562c69c0273f7dadae5f9c561458764cc07d88d39773ffdbdbd32c390dcaf57794a4c3094af8c492795cbb7fb97e7141305891b8ce5163130ec9a1c5e0c6a4b6d5638063ff3ab275abcedb3b2dd12ae85d3ad98713a06c43d91606186672b046e1f65cb715099edaf7eff3a69221b2c04922bbef0bf9c2a53d41e924e1fb16e1bdcc6edd18e7563d4d5145110e88e22b1ee6a3e02923a7c13ebce2a12370c15b34d31a190a0841dbe68075509b1b03532525d73c21909ce440b79eb2c6ceaa5997229e9eaf8fd24da20559bcd9aa77fef2f56d9a60e76fd1e7e3fe92ef9fd078d4032e80f1ae10fe0fece804804a0cb31de711816529b33b24d3b73fa03c2a917a316c87063a1162974a48e1acf1709dc935df4399f59a952184d55de493460d1dba1cfe9dee21d64ac88949c5aa8e8cef0eb8985190dcc0848cda40d733f2f02e5a3e6bb5d2529229d6fad6248c5c2a0a40d3d1fe798d592a8cd19f88ef1cdd3c6423a32b661e7a67cc735af6823c086faa69a08101ab8bf32e6961dbb8f395db11fc78e3c1363758bb7b2303613754ad28c49fbd4f2166e65430d72907ec5ec83a6e01236b8e0a328616a1c6491ce373b7e373fc4d0178d6a738ed2626ca3f5c35cafcd8ea2586c3e3866abf2b339b7c9733e440492417f88e07f508f8661b1f84b87938d9631887d9303b3c9e632ef4d8d8fb03e77383aa32575bd75c430fee20c698ed50a81d94d0ab1b2a23cfc8749459110c604c5f44cd2ae12a54b90ceb84c1b3086589e51fc7ab53e8aa59f77077fc12c5d1bf06f5c32666fb0586ddd0433c0a935c9e30ad5cee8cc4ad415995b52a187e601dd9bebb1b717c75ac788cdec20bb3d9995f1e00ca4dd5d828f617a5aa0034ea948c7810f80b0392279d8c4acde79cd549cfede79c547058164d01f959998d13890e860283044b20fbff89ba775a51c3107907c33a13ec27b191e2693225d4fb07dd6f009a249a8de664ca570cff0c86801ded4ef4316d873eb0d863fbc47791e491f989028a5494d1237c780154e4bfc02fdcadce5b630f9d270e1fd3f304378cc33198a561e167f0252fa20b9e5fd7f7adef1c3462019f4873d031fc1e7c7ca7a84609194606abc9c4538a2682515edbc163d110a1af55fe9dddc6b1fc197efc55bbc3fe323463b9a14d83a08495b7995da4bc9cc52987cf109aca5a96fad975d5a44a58be8fd99858fe75d92417f3ce7ed23356aeca9bb8b899790b97258671925b81ca8aa6543e6d49296753a912b84f17d5c0e34014bc0704f5e95f4f973b5b2e6d62aaddf3bef6032a199e98bb2eb4713f4c7e55d739c1f3e02c9a03ffc39f8b91e0176720a52fdb4075226859e88f4400a3de9170e512afd7a85de3d6236780a3c51d487d47a1c9b5e93d99fe775ab37e7f948bec43aa754bb3968e539ef0702c9a0df0f14f31e89402290087c00084caa03f8013c266f99082402894022302d02c9a0a7452ccf4f0412814460460824839e11d0f9984420114804a6452019f4b488e5f98940229008cc088164d033023a1f9308240289c0b40824839e16b13c3f11480412811921900c7a4640e763128144201198168164d0d32296e727028940223023049241cf08e87c4c2290082402d322900c7a5ac4f2fc442011480466844032e819019d8f4904128144605a0492414f8b589e9f08240289c08c1048063d23a0f33189402290084c8b4032e86911cbf31381442011981102c9a06704743e261148041281691148063d2d62797e229008240233422019f48c80cec72402894022302d02c9a0a7452ccf4f0412814460460824839e11d0f9984420114804a6452019f4b488e5f98940229008cc088164d033023a1f9308240289c0b40824839e16b13c3f11480412811921900c7a4640e763128144201198168164d0d32296e727028940223023049241cf08e87c4c2290082402d322900c7a5ac4f2fc442011480466844032e819019d8f4904128144605a0492414f8b589e9f08240289c08c1048063d23a0f33189402290084c8b4032e86911cbf31381442011981102c9a06704743e261148041281691148063d2d62797e229008240233422019f48c80cec72402894022302d02c9a0a7452ccf4f0412814460460824839e11d0f9984420114804a6452019f4b488e5f98940229008cc088164d033023a1f9308240289c0b40824839e16b13c3f11480412811921900c7a4640e763128144201198168164d0d32296e727028940223023049241cf08e87c4c2290082402d322900c7a5ac4f2fc442011480466844032e819019d8f4904128144605a0492414f8b589e9f08240289c08c1048063d23a0f33189402290084c8b4032e86911cbf3b9c71a3e000003f8494441541381442011981102c9a06704743e261148041281691148063d2d62797e229008240233422019f48c80cec72402894022302d02c9a0a7452ccf4f0412814460460824839e11d0f9984420114804a6452019f4b488e5f98940229008cc088164d033023a1f9308240289c0b40824839e16b13c3f11480412811921900c7a4640e763128144201198168164d0d32296e727028940223023049241cf08e87c4c2290082402d322900c7a5ac4f2fc442011480466844032e819019d8f4904128144605a0492414f8b589e9f08240289c08c1048063d23a0f33189402290084c8b4032e86911cbf31381442011981102c9a06704743e261148041281691148063d2d62797e229008240233422019f48c80cec72402894022302d02c9a0a7452ccf4f0412814460460824839e11d0f9984420114804a6452019f4b488e5f98940229008cc088164d033023a1f9308240289c0b40824839e16b13c3f11480412811921900c7a4640e763128144201198168164d0d32296e727028940223023049241cf08e87c4c2290082402d322900c7a5ac4f2fc442011480466844032e819019d8f4904128144605a0492414f8b589e9f08240289c08c1048063d23a0f33189402290084c8b4032e86911cbf31381442011981102c9a06704743e261148041281691148063d2d62797e229008240233422019f48c80cec72402894022302d02c9a0a7452ccf4f0412814460460824839e11d0f9984420114804a6452019f4b488e5f98940229008cc088164d033023a1f9308240289c0b40824839e16b13c3f11480412811921900c7a4640e763128144201198168164d0d32296e727028940223023049241cf08e87c4c2290082402d322900c7a5ac4f2fc442011480466844032e819019d8f4904128144605a0492414f8b589e9f08240289c08c1048063d23a0f33189402290084c8b4032e86911cbf31381442011981102c9a06704743e261148041281691148063d2d62797e229008240233422019f48c80cec72402894022302d02c9a0a7452ccf4f0412814460460824839e11d0f9984420114804a6452019f4b488e5f98940229008cc088164d033023a1f9308240289c0b40824839e16b13c3f11480412811921900c7a4640e763128144201198168164d0d32296e727028940223023049241cf08e87c4c2290082402d322900c7a5ac4f2fc442011480466844032e819019d8f4904128144605a0492414f8b589e9f08240289c08c1048063d23a0f33189402290084c8b4032e86911cbf31381442011981102c9a06704743e261148041281691148063d2d62797e229008240233422019f48c80cec72402894022302d02c9a0a7452ccf4f0412814460460824839e11d0f9984420114804a6452019f4b488e5f98940229008cc0881ff1f973533e6d49c0ea10000000049454e44ae426082);

-- --------------------------------------------------------

--
-- Table structure for table `user`
--

CREATE TABLE `user` (
  `userID` int(4) NOT NULL,
  `userRealName` varchar(30) NOT NULL,
  `userSurname` varchar(30) NOT NULL,
  `userEmail` varchar(50) NOT NULL,
  `birthDate` date NOT NULL,
  `userType` enum('admin','visitor') NOT NULL DEFAULT 'visitor',
  `userName` varchar(30) NOT NULL,
  `userPassword` varchar(100) NOT NULL,
  `userGender` enum('male','female','other') NOT NULL
) ENGINE=InnoDB DEFAULT CHARSET=utf8;

--
-- Dumping data for table `user`
--

INSERT INTO `user` (`userID`, `userRealName`, `userSurname`, `userEmail`, `birthDate`, `userType`, `userName`, `userPassword`, `userGender`) VALUES
(1111, 'Admin', 'Admin', 'admin@admin.com', '2020-06-01', 'admin', 'admin', '21232f297a57a5a743894a0e4a801fc3', 'other'),
(1234, 'Ivo ', 'Ivić', 'iivic@user.com', '1998-06-01', 'visitor', 'iivic', '9633c68827725e909ae5aacb7a247ed6', 'male'),
(1235, 'Ana', 'Anić', 'aanic@user.com', '1993-03-01', 'visitor', 'anica34', '7e58d63b60197ceb55a1c487989a3720', 'female'),
(1236, 'Marko', 'Markić', 'mmarkic@user.com', '1974-12-01', 'visitor', 'mrko', '92877af70a45fd6a2ed7fe81e1236b78', 'male'),
(1237, 'Karlo', 'Karlić', 'kkarlic@user.com', '1998-04-25', 'visitor', 'stoinks', '3f02ebe3d7929b091e3d8ccfde2f3bc6', 'male'),
(1238, 'Anamari', 'Romih', 'aromih@uniri.hr', '0000-00-00', 'visitor', 'Anamari', 'ae2e2253b17a2b784c23aeb80a7d295d', 'female'),
(1239, 'Ivana', 'ivic', 'ii@gmail.com', '0000-00-00', 'visitor', 'ivana', '4eb274593fde2b15697a325349d89aa4', 'female'),
(2222, 'admin2', 'admin2', 'admin2@gmail.com', '2020-06-16', 'admin', 'admin2', 'c84258e9c39059a89ab77d846ddab909', 'female'),
(2223, 'novi1', 'novi1', 'novi1@gmail.com', '0000-00-00', 'visitor', 'novi1', 'e491c16599aa89756ce7d44ad0415ff6', 'male'),
(2224, 'visitor', 'visitor', 'visitor@gmail.com', '0000-00-00', 'visitor', 'visitor1', '6b6bd8b6963e4a254bf6d4760390fddc', 'male'),
(2225, 'visitor3', 'visitor3', 'visito3@gmail.com', '0000-00-00', 'visitor', 'visitor3', '3c7e8d3dc82fb340495186f57b6f251f', 'male'),
(2226, 'visitor4', 'visitor4', 'visitor4@gmail.com', '0000-00-00', 'visitor', 'visitor4', 'ecad069456249536c8fb9d96855d59c6', 'female'),
(2228, 'visitor6', 'visitor6', 'visitor6@gmail.com', '0000-00-00', 'visitor', 'visitor6', '85a42c410b4cb8fed1ad875957bdf85b', 'male'),
(2239, 'a', 'a', 'a', '0000-00-00', 'visitor', 'a', '0cc175b9c0f1b6a831c399e269772661', 'female');

--
-- Indexes for dumped tables
--

--
-- Indexes for table `comment`
--
ALTER TABLE `comment`
  ADD PRIMARY KEY (`commentID`),
  ADD KEY `commentAuthorID` (`commentAuthorID`),
  ADD KEY `commentPostID` (`commentPostID`);

--
-- Indexes for table `game`
--
ALTER TABLE `game`
  ADD PRIMARY KEY (`gameID`);

--
-- Indexes for table `post`
--
ALTER TABLE `post`
  ADD PRIMARY KEY (`postID`),
  ADD KEY `postAuthorID` (`postAuthorID`),
  ADD KEY `postGameID` (`postGameID`);

--
-- Indexes for table `sponsor`
--
ALTER TABLE `sponsor`
  ADD PRIMARY KEY (`sponsorID`);

--
-- Indexes for table `user`
--
ALTER TABLE `user`
  ADD PRIMARY KEY (`userID`);

--
-- AUTO_INCREMENT for dumped tables
--

--
-- AUTO_INCREMENT for table `comment`
--
ALTER TABLE `comment`
  MODIFY `commentID` int(11) NOT NULL AUTO_INCREMENT, AUTO_INCREMENT=128;

--
-- AUTO_INCREMENT for table `game`
--
ALTER TABLE `game`
  MODIFY `gameID` int(11) NOT NULL AUTO_INCREMENT, AUTO_INCREMENT=10;

--
-- AUTO_INCREMENT for table `post`
--
ALTER TABLE `post`
  MODIFY `postID` int(11) NOT NULL AUTO_INCREMENT, AUTO_INCREMENT=48;

--
-- AUTO_INCREMENT for table `sponsor`
--
ALTER TABLE `sponsor`
  MODIFY `sponsorID` int(11) NOT NULL AUTO_INCREMENT, AUTO_INCREMENT=3;

--
-- AUTO_INCREMENT for table `user`
--
ALTER TABLE `user`
  MODIFY `userID` int(4) NOT NULL AUTO_INCREMENT, AUTO_INCREMENT=2240;

--
-- Constraints for dumped tables
--

--
-- Constraints for table `comment`
--
ALTER TABLE `comment`
  ADD CONSTRAINT `comment_ibfk_1` FOREIGN KEY (`commentAuthorID`) REFERENCES `user` (`userID`) ON DELETE CASCADE ON UPDATE CASCADE,
  ADD CONSTRAINT `comment_ibfk_2` FOREIGN KEY (`commentPostID`) REFERENCES `post` (`postID`) ON DELETE CASCADE ON UPDATE CASCADE;

--
-- Constraints for table `post`
--
ALTER TABLE `post`
  ADD CONSTRAINT `post_ibfk_1` FOREIGN KEY (`postAuthorID`) REFERENCES `user` (`userID`) ON DELETE CASCADE ON UPDATE CASCADE,
  ADD CONSTRAINT `post_ibfk_2` FOREIGN KEY (`postGameID`) REFERENCES `game` (`gameID`) ON DELETE CASCADE ON UPDATE CASCADE;
COMMIT;

/*!40101 SET CHARACTER_SET_CLIENT=@OLD_CHARACTER_SET_CLIENT */;
/*!40101 SET CHARACTER_SET_RESULTS=@OLD_CHARACTER_SET_RESULTS */;
/*!40101 SET COLLATION_CONNECTION=@OLD_COLLATION_CONNECTION */;
